CITY,DISTRICT,GEOCODE,DAY,TIME,T,TD,RH,WD,WS,BF,AT,Wx,Wx_n,PoP6h,PoP12h,get_day
臺北市,南港區,6300900,2018-07-01,06:00:00,26,26,97,偏西風,1,<= 1,31,多雲,02,20,20,2018-07-01
臺北市,南港區,6300900,2018-07-01,09:00:00,31,28,85,西北風,3,2,36,多雲,02,20,20,2018-07-01
臺北市,南港區,6300900,2018-07-01,12:00:00,35,30,77,西北風,3,2,40,多雲,02,20,20,2018-07-01
臺北市,南港區,6300900,2018-07-01,15:00:00,33,30,84,西北風,3,2,38,多雲,02,20,20,2018-07-01
臺北市,南港區,6300900,2018-07-01,18:00:00,31,28,86,西北風,3,2,35,多雲,02,10,20,2018-07-01
臺北市,南港區,6300900,2018-07-01,21:00:00,29,28,93,偏西風,2,2,33,多雲,02,10,20,2018-07-01
臺北市,南港區,6300900,2018-07-02,00:00:00,28,26,92,西南風,2,<= 1,32,多雲,02,20,20,2018-07-01
臺北市,南港區,6300900,2018-07-02,03:00:00,27,25,87,西南風,1,<= 1,30,多雲,02,20,20,2018-07-01
臺北市,南港區,6300900,2018-07-02,06:00:00,27,23,80,西南風,1,<= 1,30,晴,01,20,50,2018-07-01
臺北市,南港區,6300900,2018-07-02,09:00:00,32,26,71,偏西風,2,<= 1,37,晴,01,20,50,2018-07-01
臺北市,南港區,6300900,2018-07-02,12:00:00,36,28,63,東北風,2,<= 1,41,多雲,02,50,50,2018-07-01
臺北市,南港區,6300900,2018-07-02,15:00:00,34,27,65,東北風,2,<= 1,39,午後短暫雷陣雨,36,50,50,2018-07-01
臺北市,南港區,6300900,2018-07-02,18:00:00,32,26,73,東南風,2,<= 1,36,多雲,02,10,10,2018-07-01
臺北市,南港區,6300900,2018-07-02,21:00:00,29,27,85,東南風,1,<= 1,34,晴,01,10,10,2018-07-01
臺北市,南港區,6300900,2018-07-03,00:00:00,28,27,91,偏西風,1,<= 1,33,晴,01,0,10,2018-07-01
臺北市,南港區,6300900,2018-07-03,03:00:00,27,25,85,偏南風,1,<= 1,31,多雲,02,0,10,2018-07-01
臺北市,南港區,6300900,2018-07-03,06:00:00,27,23,81,西南風,1,<= 1,31,多雲,02,20,50,2018-07-01
臺北市,南港區,6300900,2018-07-03,09:00:00,31,26,75,偏東風,1,<= 1,36,多雲,02,20,50,2018-07-01
臺北市,南港區,6300900,2018-07-03,12:00:00,35,28,69,東北風,4,3,41,午後短暫雷陣雨,36,50,50,2018-07-01
臺北市,南港區,6300900,2018-07-03,15:00:00,33,28,71,偏南風,3,2,37,午後短暫雷陣雨,36,50,50,2018-07-01
臺北市,南港區,6300900,2018-07-03,18:00:00,31,28,84,偏西風,1,<= 1,35,多雲,02,10,10,2018-07-01
臺北市,南港區,6300900,2018-07-03,21:00:00,29,28,93,東南風,1,<= 1,34,多雲,02,10,10,2018-07-01
臺北市,南港區,6300900,2018-07-04,00:00:00,28,27,94,偏南風,1,<= 1,33,晴,01,0,10,2018-07-01
臺北市,南港區,6300900,2018-07-04,03:00:00,27,26,90,西南風,1,<= 1,32,多雲,02,0,10,2018-07-01
臺北市,大安區,6300300,2018-07-01,06:00:00,27,26,96,偏西風,1,<= 1,31,多雲,02,20,20,2018-07-01
臺北市,大安區,6300300,2018-07-01,09:00:00,31,28,82,西北風,3,2,37,多雲,02,20,20,2018-07-01
臺北市,大安區,6300300,2018-07-01,12:00:00,35,30,75,西北風,4,3,41,多雲,02,20,20,2018-07-01
臺北市,大安區,6300300,2018-07-01,15:00:00,34,31,83,西北風,3,2,40,多雲,02,20,20,2018-07-01
臺北市,大安區,6300300,2018-07-01,18:00:00,32,29,85,西北風,3,2,36,多雲,02,10,10,2018-07-01
臺北市,大安區,6300300,2018-07-01,21:00:00,30,28,91,偏西風,2,2,35,多雲,02,10,10,2018-07-01
臺北市,大安區,6300300,2018-07-02,00:00:00,29,27,90,偏西風,2,2,33,多雲,02,10,10,2018-07-01
臺北市,大安區,6300300,2018-07-02,03:00:00,28,25,84,西南風,2,<= 1,31,多雲,02,10,10,2018-07-01
臺北市,大安區,6300300,2018-07-02,06:00:00,27,23,78,西南風,1,<= 1,30,晴,01,20,20,2018-07-01
臺北市,大安區,6300300,2018-07-02,09:00:00,32,25,69,偏西風,2,2,36,晴,01,20,20,2018-07-01
臺北市,大安區,6300300,2018-07-02,12:00:00,36,27,61,西南風,2,<= 1,41,多雲,02,20,20,2018-07-01
臺北市,大安區,6300300,2018-07-02,15:00:00,35,27,63,西南風,2,<= 1,40,多雲,02,20,20,2018-07-01
臺北市,大安區,6300300,2018-07-02,18:00:00,32,26,70,西南風,3,2,37,多雲,02,10,10,2018-07-01
臺北市,大安區,6300300,2018-07-02,21:00:00,31,27,82,東北風,1,<= 1,35,晴,01,10,10,2018-07-01
臺北市,大安區,6300300,2018-07-03,00:00:00,29,27,88,西北風,1,<= 1,34,晴,01,0,10,2018-07-01
臺北市,大安區,6300300,2018-07-03,03:00:00,28,26,86,偏東風,1,<= 1,33,多雲,02,0,10,2018-07-01
臺北市,大安區,6300300,2018-07-03,06:00:00,28,24,81,西南風,1,<= 1,31,多雲,02,20,60,2018-07-01
臺北市,大安區,6300300,2018-07-03,09:00:00,32,26,71,偏南風,1,<= 1,37,多雲,02,20,60,2018-07-01
臺北市,大安區,6300300,2018-07-03,12:00:00,35,28,65,西北風,2,<= 1,41,多雲,02,60,60,2018-07-01
臺北市,大安區,6300300,2018-07-03,15:00:00,34,27,67,偏南風,3,2,39,午後短暫雷陣雨,36,60,60,2018-07-01
臺北市,大安區,6300300,2018-07-03,18:00:00,32,28,79,偏西風,1,<= 1,36,多雲,02,10,10,2018-07-01
臺北市,大安區,6300300,2018-07-03,21:00:00,30,28,88,偏東風,1,<= 1,36,多雲,02,10,10,2018-07-01
臺北市,大安區,6300300,2018-07-04,00:00:00,29,27,89,東北風,1,<= 1,34,晴,01,0,10,2018-07-01
臺北市,大安區,6300300,2018-07-04,03:00:00,28,25,86,偏北風,1,<= 1,33,多雲,02,0,10,2018-07-01
臺北市,內湖區,6301000,2018-07-01,06:00:00,27,26,96,偏西風,1,<= 1,31,多雲,02,20,20,2018-07-01
臺北市,內湖區,6301000,2018-07-01,09:00:00,31,28,84,西北風,3,2,37,多雲,02,20,20,2018-07-01
臺北市,內湖區,6301000,2018-07-01,12:00:00,35,30,77,西北風,4,3,40,多雲,02,20,20,2018-07-01
臺北市,內湖區,6301000,2018-07-01,15:00:00,34,31,83,西北風,3,2,39,多雲,02,20,20,2018-07-01
臺北市,內湖區,6301000,2018-07-01,18:00:00,31,29,85,西北風,3,2,36,多雲,02,10,20,2018-07-01
臺北市,內湖區,6301000,2018-07-01,21:00:00,30,28,92,偏西風,2,2,34,多雲,02,10,20,2018-07-01
臺北市,內湖區,6301000,2018-07-02,00:00:00,28,27,91,偏西風,2,2,33,多雲,02,20,20,2018-07-01
臺北市,內湖區,6301000,2018-07-02,03:00:00,27,25,86,西南風,1,<= 1,31,多雲,02,20,20,2018-07-01
臺北市,內湖區,6301000,2018-07-02,06:00:00,27,23,79,西南風,1,<= 1,30,晴,01,20,20,2018-07-01
臺北市,內湖區,6301000,2018-07-02,09:00:00,32,26,70,偏西風,2,<= 1,36,晴,01,20,20,2018-07-01
臺北市,內湖區,6301000,2018-07-02,12:00:00,36,28,63,西南風,2,<= 1,41,多雲,02,20,20,2018-07-01
臺北市,內湖區,6301000,2018-07-02,15:00:00,35,27,65,偏東風,2,<= 1,39,多雲,02,20,20,2018-07-01
臺北市,內湖區,6301000,2018-07-02,18:00:00,32,26,72,偏南風,2,2,36,多雲,02,10,10,2018-07-01
臺北市,內湖區,6301000,2018-07-02,21:00:00,30,27,83,偏東風,1,<= 1,34,晴,01,10,10,2018-07-01
臺北市,內湖區,6301000,2018-07-03,00:00:00,29,27,90,偏西風,1,<= 1,34,晴,01,0,10,2018-07-01
臺北市,內湖區,6301000,2018-07-03,03:00:00,28,25,85,偏南風,1,<= 1,32,多雲,02,0,10,2018-07-01
臺北市,內湖區,6301000,2018-07-03,06:00:00,27,24,80,西南風,1,<= 1,31,多雲,02,20,50,2018-07-01
臺北市,內湖區,6301000,2018-07-03,09:00:00,32,27,74,偏東風,1,<= 1,37,多雲,02,20,50,2018-07-01
臺北市,內湖區,6301000,2018-07-03,12:00:00,35,28,68,東北風,3,2,41,午後短暫雷陣雨,36,50,50,2018-07-01
臺北市,內湖區,6301000,2018-07-03,15:00:00,34,28,70,偏南風,3,2,38,多雲,02,50,50,2018-07-01
臺北市,內湖區,6301000,2018-07-03,18:00:00,32,28,82,西北風,1,<= 1,36,多雲,02,10,10,2018-07-01
臺北市,內湖區,6301000,2018-07-03,21:00:00,30,28,92,東南風,1,<= 1,35,多雲,02,10,10,2018-07-01
臺北市,內湖區,6301000,2018-07-04,00:00:00,29,27,93,偏南風,1,<= 1,34,晴,01,0,10,2018-07-01
臺北市,內湖區,6301000,2018-07-04,03:00:00,28,26,89,西南風,1,<= 1,32,多雲,02,0,10,2018-07-01
臺北市,大同區,6300600,2018-07-01,06:00:00,27,27,95,西北風,1,<= 1,32,多雲,02,20,20,2018-07-01
臺北市,大同區,6300600,2018-07-01,09:00:00,32,28,83,西北風,3,2,37,多雲,02,20,20,2018-07-01
臺北市,大同區,6300600,2018-07-01,12:00:00,35,30,76,西北風,4,3,41,多雲,02,20,20,2018-07-01
臺北市,大同區,6300600,2018-07-01,15:00:00,34,31,82,西北風,3,2,40,多雲,02,20,20,2018-07-01
臺北市,大同區,6300600,2018-07-01,18:00:00,32,29,84,西北風,3,2,37,多雲,02,10,10,2018-07-01
臺北市,大同區,6300600,2018-07-01,21:00:00,31,29,90,偏西風,2,<= 1,35,多雲,02,10,10,2018-07-01
臺北市,大同區,6300600,2018-07-02,00:00:00,29,27,89,偏西風,2,<= 1,34,多雲,02,10,10,2018-07-01
臺北市,大同區,6300600,2018-07-02,03:00:00,28,25,84,西南風,1,<= 1,32,多雲,02,10,10,2018-07-01
臺北市,大同區,6300600,2018-07-02,06:00:00,28,23,78,西南風,2,<= 1,31,晴,01,20,20,2018-07-01
臺北市,大同區,6300600,2018-07-02,09:00:00,32,26,69,偏西風,2,2,36,晴,01,20,20,2018-07-01
臺北市,大同區,6300600,2018-07-02,12:00:00,36,27,61,偏西風,2,<= 1,41,多雲,02,20,20,2018-07-01
臺北市,大同區,6300600,2018-07-02,15:00:00,35,27,64,西南風,2,<= 1,40,多雲,02,20,20,2018-07-01
臺北市,大同區,6300600,2018-07-02,18:00:00,33,26,69,西南風,2,2,37,多雲,02,10,10,2018-07-01
臺北市,大同區,6300600,2018-07-02,21:00:00,31,27,78,東北風,1,<= 1,35,晴,01,10,10,2018-07-01
臺北市,大同區,6300600,2018-07-03,00:00:00,30,27,86,西北風,2,<= 1,35,晴,01,0,10,2018-07-01
臺北市,大同區,6300600,2018-07-03,03:00:00,29,26,85,東北風,1,<= 1,33,多雲,02,0,10,2018-07-01
臺北市,大同區,6300600,2018-07-03,06:00:00,28,24,79,西南風,1,<= 1,32,多雲,02,20,20,2018-07-01
臺北市,大同區,6300600,2018-07-03,09:00:00,32,26,70,偏南風,1,<= 1,37,多雲,02,20,20,2018-07-01
臺北市,大同區,6300600,2018-07-03,12:00:00,35,27,62,偏西風,3,2,41,多雲,02,20,20,2018-07-01
臺北市,大同區,6300600,2018-07-03,15:00:00,35,27,64,偏南風,2,2,39,多雲,02,20,20,2018-07-01
臺北市,大同區,6300600,2018-07-03,18:00:00,32,28,77,西南風,1,<= 1,37,多雲,02,10,10,2018-07-01
臺北市,大同區,6300600,2018-07-03,21:00:00,31,28,87,東北風,1,<= 1,37,多雲,02,10,10,2018-07-01
臺北市,大同區,6300600,2018-07-04,00:00:00,30,28,88,偏北風,1,<= 1,35,晴,01,0,10,2018-07-01
臺北市,大同區,6300600,2018-07-04,03:00:00,29,26,85,西北風,1,<= 1,33,多雲,02,0,10,2018-07-01
臺北市,文山區,6300800,2018-07-01,06:00:00,24,24,96,偏西風,1,<= 1,28,多雲,02,20,20,2018-07-01
臺北市,文山區,6300800,2018-07-01,09:00:00,30,27,82,偏北風,3,2,35,多雲,02,20,20,2018-07-01
臺北市,文山區,6300800,2018-07-01,12:00:00,34,30,76,西北風,3,2,40,多雲,02,20,20,2018-07-01
臺北市,文山區,6300800,2018-07-01,15:00:00,33,30,86,西北風,3,2,38,多雲,02,20,20,2018-07-01
臺北市,文山區,6300800,2018-07-01,18:00:00,30,28,88,西北風,3,2,34,多雲,02,10,10,2018-07-01
臺北市,文山區,6300800,2018-07-01,21:00:00,28,27,94,西南風,2,<= 1,31,多雲,02,10,10,2018-07-01
臺北市,文山區,6300800,2018-07-02,00:00:00,26,25,93,偏南風,1,<= 1,30,多雲,02,10,10,2018-07-01
臺北市,文山區,6300800,2018-07-02,03:00:00,25,23,87,西南風,2,<= 1,28,多雲,02,10,10,2018-07-01
臺北市,文山區,6300800,2018-07-02,06:00:00,25,21,80,偏西風,1,<= 1,27,晴,01,20,20,2018-07-01
臺北市,文山區,6300800,2018-07-02,09:00:00,31,25,70,偏西風,2,<= 1,35,晴,01,20,20,2018-07-01
臺北市,文山區,6300800,2018-07-02,12:00:00,36,27,62,偏南風,3,2,41,多雲,02,20,20,2018-07-01
臺北市,文山區,6300800,2018-07-02,15:00:00,34,26,64,西南風,1,<= 1,38,多雲,02,20,20,2018-07-01
臺北市,文山區,6300800,2018-07-02,18:00:00,31,26,74,東北風,1,<= 1,36,多雲,02,10,10,2018-07-01
臺北市,文山區,6300800,2018-07-02,21:00:00,28,27,90,東南風,1,<= 1,33,晴,01,10,10,2018-07-01
臺北市,文山區,6300800,2018-07-03,00:00:00,27,26,91,偏西風,1,<= 1,31,晴,01,0,10,2018-07-01
臺北市,文山區,6300800,2018-07-03,03:00:00,26,24,87,東南風,1,<= 1,30,多雲,02,0,10,2018-07-01
臺北市,文山區,6300800,2018-07-03,06:00:00,25,23,85,西南風,1,<= 1,28,多雲,02,10,50,2018-07-01
臺北市,文山區,6300800,2018-07-03,09:00:00,31,26,77,西南風,1,<= 1,35,多雲,02,10,50,2018-07-01
臺北市,文山區,6300800,2018-07-03,12:00:00,35,28,70,偏東風,3,2,41,午後短暫雷陣雨,36,50,50,2018-07-01
臺北市,文山區,6300800,2018-07-03,15:00:00,33,28,71,偏南風,4,3,38,午後短暫雷陣雨,36,50,50,2018-07-01
臺北市,文山區,6300800,2018-07-03,18:00:00,30,27,82,偏南風,1,<= 1,33,多雲,02,0,0,2018-07-01
臺北市,文山區,6300800,2018-07-03,21:00:00,28,26,90,東南風,2,<= 1,33,多雲,02,0,0,2018-07-01
臺北市,文山區,6300800,2018-07-04,00:00:00,27,25,91,東南風,1,<= 1,31,晴,01,0,0,2018-07-01
臺北市,文山區,6300800,2018-07-04,03:00:00,26,24,89,東北風,1,<= 1,29,多雲,02,0,0,2018-07-01
臺北市,士林區,6301100,2018-07-01,06:00:00,27,26,96,西北風,2,<= 1,32,多雲,02,20,20,2018-07-01
臺北市,士林區,6301100,2018-07-01,09:00:00,31,29,85,西北風,4,3,37,多雲,02,20,20,2018-07-01
臺北市,士林區,6301100,2018-07-01,12:00:00,35,30,77,西北風,4,3,39,多雲,02,20,20,2018-07-01
臺北市,士林區,6301100,2018-07-01,15:00:00,34,30,82,西北風,4,3,38,多雲,02,20,20,2018-07-01
臺北市,士林區,6301100,2018-07-01,18:00:00,32,29,84,西北風,3,2,35,多雲,02,10,10,2018-07-01
臺北市,士林區,6301100,2018-07-01,21:00:00,30,28,91,西北風,3,2,34,多雲,02,10,10,2018-07-01
臺北市,士林區,6301100,2018-07-02,00:00:00,29,27,90,西北風,2,2,33,多雲,02,10,10,2018-07-01
臺北市,士林區,6301100,2018-07-02,03:00:00,28,25,85,西北風,1,<= 1,31,多雲,02,10,10,2018-07-01
臺北市,士林區,6301100,2018-07-02,06:00:00,27,23,78,偏西風,1,<= 1,31,晴,01,20,20,2018-07-01
臺北市,士林區,6301100,2018-07-02,09:00:00,32,26,70,偏西風,2,<= 1,37,晴,01,20,20,2018-07-01
臺北市,士林區,6301100,2018-07-02,12:00:00,36,27,62,偏西風,2,2,41,多雲,02,20,20,2018-07-01
臺北市,士林區,6301100,2018-07-02,15:00:00,35,27,65,偏南風,1,<= 1,39,多雲,02,20,20,2018-07-01
臺北市,士林區,6301100,2018-07-02,18:00:00,32,26,69,西南風,1,<= 1,37,多雲,02,10,10,2018-07-01
臺北市,士林區,6301100,2018-07-02,21:00:00,30,26,77,東北風,1,<= 1,35,晴,01,10,10,2018-07-01
臺北市,士林區,6301100,2018-07-03,00:00:00,29,27,87,西北風,2,<= 1,34,晴,01,0,10,2018-07-01
臺北市,士林區,6301100,2018-07-03,03:00:00,28,25,84,東北風,1,<= 1,32,多雲,02,0,10,2018-07-01
臺北市,士林區,6301100,2018-07-03,06:00:00,28,24,78,西南風,1,<= 1,32,多雲,02,20,20,2018-07-01
臺北市,士林區,6301100,2018-07-03,09:00:00,32,26,71,偏南風,1,<= 1,37,多雲,02,20,20,2018-07-01
臺北市,士林區,6301100,2018-07-03,12:00:00,35,27,63,西北風,2,2,40,多雲,02,20,20,2018-07-01
臺北市,士林區,6301100,2018-07-03,15:00:00,34,26,65,偏南風,2,<= 1,38,多雲,02,20,20,2018-07-01
臺北市,士林區,6301100,2018-07-03,18:00:00,32,28,79,偏北風,1,<= 1,37,多雲,02,10,10,2018-07-01
臺北市,士林區,6301100,2018-07-03,21:00:00,30,28,89,偏北風,1,<= 1,36,多雲,02,10,10,2018-07-01
臺北市,士林區,6301100,2018-07-04,00:00:00,29,27,90,西北風,1,<= 1,34,晴,01,0,10,2018-07-01
臺北市,士林區,6301100,2018-07-04,03:00:00,28,26,87,偏西風,1,<= 1,33,多雲,02,0,10,2018-07-01
臺北市,松山區,6300100,2018-07-01,06:00:00,27,26,96,偏西風,1,<= 1,31,多雲,02,20,20,2018-07-01
臺北市,松山區,6300100,2018-07-01,09:00:00,31,28,84,西北風,3,2,37,多雲,02,20,20,2018-07-01
臺北市,松山區,6300100,2018-07-01,12:00:00,35,30,77,西北風,4,3,40,多雲,02,20,20,2018-07-01
臺北市,松山區,6300100,2018-07-01,15:00:00,34,31,83,西北風,3,2,39,多雲,02,20,20,2018-07-01
臺北市,松山區,6300100,2018-07-01,18:00:00,31,29,85,西北風,3,2,36,多雲,02,10,20,2018-07-01
臺北市,松山區,6300100,2018-07-01,21:00:00,30,28,92,偏西風,2,2,34,多雲,02,10,20,2018-07-01
臺北市,松山區,6300100,2018-07-02,00:00:00,28,27,91,偏西風,2,2,33,多雲,02,20,20,2018-07-01
臺北市,松山區,6300100,2018-07-02,03:00:00,27,25,86,西南風,1,<= 1,31,多雲,02,20,20,2018-07-01
臺北市,松山區,6300100,2018-07-02,06:00:00,27,23,79,西南風,1,<= 1,30,晴,01,20,20,2018-07-01
臺北市,松山區,6300100,2018-07-02,09:00:00,32,26,70,偏西風,2,<= 1,36,晴,01,20,20,2018-07-01
臺北市,松山區,6300100,2018-07-02,12:00:00,36,28,63,西南風,2,<= 1,41,多雲,02,20,20,2018-07-01
臺北市,松山區,6300100,2018-07-02,15:00:00,35,27,65,偏東風,2,<= 1,39,多雲,02,20,20,2018-07-01
臺北市,松山區,6300100,2018-07-02,18:00:00,32,26,72,偏南風,2,2,36,多雲,02,10,10,2018-07-01
臺北市,松山區,6300100,2018-07-02,21:00:00,30,27,83,偏東風,1,<= 1,34,晴,01,10,10,2018-07-01
臺北市,松山區,6300100,2018-07-03,00:00:00,29,27,90,偏西風,1,<= 1,34,晴,01,0,10,2018-07-01
臺北市,松山區,6300100,2018-07-03,03:00:00,28,25,85,偏南風,1,<= 1,32,多雲,02,0,10,2018-07-01
臺北市,松山區,6300100,2018-07-03,06:00:00,27,24,80,西南風,1,<= 1,31,多雲,02,20,50,2018-07-01
臺北市,松山區,6300100,2018-07-03,09:00:00,32,27,74,偏東風,1,<= 1,37,多雲,02,20,50,2018-07-01
臺北市,松山區,6300100,2018-07-03,12:00:00,35,28,68,東北風,3,2,41,午後短暫雷陣雨,36,50,50,2018-07-01
臺北市,松山區,6300100,2018-07-03,15:00:00,34,28,70,偏南風,3,2,38,多雲,02,50,50,2018-07-01
臺北市,松山區,6300100,2018-07-03,18:00:00,32,28,82,西北風,1,<= 1,36,多雲,02,10,10,2018-07-01
臺北市,松山區,6300100,2018-07-03,21:00:00,30,28,92,東南風,1,<= 1,35,多雲,02,10,10,2018-07-01
臺北市,松山區,6300100,2018-07-04,00:00:00,29,27,93,偏南風,1,<= 1,34,晴,01,0,10,2018-07-01
臺北市,松山區,6300100,2018-07-04,03:00:00,28,26,89,西南風,1,<= 1,32,多雲,02,0,10,2018-07-01
臺北市,萬華區,6300700,2018-07-01,06:00:00,27,26,95,偏西風,1,<= 1,31,多雲,02,20,20,2018-07-01
臺北市,萬華區,6300700,2018-07-01,09:00:00,32,28,81,西北風,3,2,38,多雲,02,20,20,2018-07-01
臺北市,萬華區,6300700,2018-07-01,12:00:00,36,31,75,西北風,4,3,42,多雲,02,20,20,2018-07-01
臺北市,萬華區,6300700,2018-07-01,15:00:00,35,32,82,西北風,3,2,41,多雲,02,20,20,2018-07-01
臺北市,萬華區,6300700,2018-07-01,18:00:00,32,29,84,西北風,3,2,37,多雲,02,10,10,2018-07-01
臺北市,萬華區,6300700,2018-07-01,21:00:00,30,29,90,偏西風,2,2,35,多雲,02,10,10,2018-07-01
臺北市,萬華區,6300700,2018-07-02,00:00:00,29,27,89,偏西風,2,<= 1,34,多雲,02,10,10,2018-07-01
臺北市,萬華區,6300700,2018-07-02,03:00:00,28,25,84,西南風,2,2,32,多雲,02,10,10,2018-07-01
臺北市,萬華區,6300700,2018-07-02,06:00:00,27,23,77,西南風,2,<= 1,30,晴,01,20,20,2018-07-01
臺北市,萬華區,6300700,2018-07-02,09:00:00,32,25,68,偏西風,3,2,36,晴,01,20,20,2018-07-01
臺北市,萬華區,6300700,2018-07-02,12:00:00,36,27,60,西南風,2,<= 1,40,多雲,02,20,20,2018-07-01
臺北市,萬華區,6300700,2018-07-02,15:00:00,35,27,62,西南風,2,<= 1,40,多雲,02,20,20,2018-07-01
臺北市,萬華區,6300700,2018-07-02,18:00:00,32,26,69,西南風,3,2,37,多雲,02,10,10,2018-07-01
臺北市,萬華區,6300700,2018-07-02,21:00:00,31,27,81,東北風,1,<= 1,35,晴,01,10,10,2018-07-01
臺北市,萬華區,6300700,2018-07-03,00:00:00,30,27,87,西北風,2,<= 1,34,晴,01,0,10,2018-07-01
臺北市,萬華區,6300700,2018-07-03,03:00:00,28,26,86,偏東風,1,<= 1,32,多雲,02,0,10,2018-07-01
臺北市,萬華區,6300700,2018-07-03,06:00:00,28,24,80,西南風,1,<= 1,31,多雲,02,20,20,2018-07-01
臺北市,萬華區,6300700,2018-07-03,09:00:00,32,26,70,偏南風,1,<= 1,37,多雲,02,20,20,2018-07-01
臺北市,萬華區,6300700,2018-07-03,12:00:00,36,28,63,偏西風,3,2,42,多雲,02,20,20,2018-07-01
臺北市,萬華區,6300700,2018-07-03,15:00:00,35,28,65,偏南風,3,2,40,多雲,02,20,20,2018-07-01
臺北市,萬華區,6300700,2018-07-03,18:00:00,33,28,78,西南風,1,<= 1,37,多雲,02,10,10,2018-07-01
臺北市,萬華區,6300700,2018-07-03,21:00:00,31,28,87,東北風,1,<= 1,37,多雲,02,10,10,2018-07-01
臺北市,萬華區,6300700,2018-07-04,00:00:00,29,27,87,東北風,1,<= 1,35,晴,01,0,10,2018-07-01
臺北市,萬華區,6300700,2018-07-04,03:00:00,28,25,84,偏北風,1,<= 1,33,多雲,02,0,10,2018-07-01
臺北市,中正區,6300500,2018-07-01,06:00:00,27,26,95,偏西風,1,<= 1,31,多雲,02,20,20,2018-07-01
臺北市,中正區,6300500,2018-07-01,09:00:00,32,28,81,西北風,3,2,38,多雲,02,20,20,2018-07-01
臺北市,中正區,6300500,2018-07-01,12:00:00,36,31,75,西北風,4,3,42,多雲,02,20,20,2018-07-01
臺北市,中正區,6300500,2018-07-01,15:00:00,35,32,82,西北風,3,2,41,多雲,02,20,20,2018-07-01
臺北市,中正區,6300500,2018-07-01,18:00:00,32,29,84,西北風,3,2,37,多雲,02,10,10,2018-07-01
臺北市,中正區,6300500,2018-07-01,21:00:00,30,29,90,偏西風,2,2,35,多雲,02,10,10,2018-07-01
臺北市,中正區,6300500,2018-07-02,00:00:00,29,27,89,偏西風,2,<= 1,34,多雲,02,10,10,2018-07-01
臺北市,中正區,6300500,2018-07-02,03:00:00,28,25,84,西南風,2,2,32,多雲,02,10,10,2018-07-01
臺北市,中正區,6300500,2018-07-02,06:00:00,27,23,77,西南風,2,<= 1,30,晴,01,20,20,2018-07-01
臺北市,中正區,6300500,2018-07-02,09:00:00,32,25,68,偏西風,3,2,36,晴,01,20,20,2018-07-01
臺北市,中正區,6300500,2018-07-02,12:00:00,36,27,60,西南風,2,<= 1,40,多雲,02,20,20,2018-07-01
臺北市,中正區,6300500,2018-07-02,15:00:00,35,27,62,西南風,2,<= 1,40,多雲,02,20,20,2018-07-01
臺北市,中正區,6300500,2018-07-02,18:00:00,32,26,69,西南風,3,2,37,多雲,02,10,10,2018-07-01
臺北市,中正區,6300500,2018-07-02,21:00:00,31,27,81,東北風,1,<= 1,35,晴,01,10,10,2018-07-01
臺北市,中正區,6300500,2018-07-03,00:00:00,30,27,87,西北風,2,<= 1,34,晴,01,0,10,2018-07-01
臺北市,中正區,6300500,2018-07-03,03:00:00,28,26,86,偏東風,1,<= 1,32,多雲,02,0,10,2018-07-01
臺北市,中正區,6300500,2018-07-03,06:00:00,28,24,80,西南風,1,<= 1,31,多雲,02,20,20,2018-07-01
臺北市,中正區,6300500,2018-07-03,09:00:00,32,26,70,偏南風,1,<= 1,37,多雲,02,20,20,2018-07-01
臺北市,中正區,6300500,2018-07-03,12:00:00,36,28,63,偏西風,3,2,42,多雲,02,20,20,2018-07-01
臺北市,中正區,6300500,2018-07-03,15:00:00,35,28,65,偏南風,3,2,40,多雲,02,20,20,2018-07-01
臺北市,中正區,6300500,2018-07-03,18:00:00,33,28,78,西南風,1,<= 1,37,多雲,02,10,10,2018-07-01
臺北市,中正區,6300500,2018-07-03,21:00:00,31,28,87,東北風,1,<= 1,37,多雲,02,10,10,2018-07-01
臺北市,中正區,6300500,2018-07-04,00:00:00,29,27,87,東北風,1,<= 1,35,晴,01,0,10,2018-07-01
臺北市,中正區,6300500,2018-07-04,03:00:00,28,25,84,偏北風,1,<= 1,33,多雲,02,0,10,2018-07-01
臺北市,信義區,6300200,2018-07-01,06:00:00,26,25,96,偏西風,1,<= 1,30,多雲,02,20,20,2018-07-01
臺北市,信義區,6300200,2018-07-01,09:00:00,31,28,83,西北風,3,2,36,多雲,02,20,20,2018-07-01
臺北市,信義區,6300200,2018-07-01,12:00:00,35,30,76,西北風,4,3,40,多雲,02,20,20,2018-07-01
臺北市,信義區,6300200,2018-07-01,15:00:00,34,31,83,西北風,3,2,39,多雲,02,20,20,2018-07-01
臺北市,信義區,6300200,2018-07-01,18:00:00,31,29,85,西北風,3,2,36,多雲,02,10,10,2018-07-01
臺北市,信義區,6300200,2018-07-01,21:00:00,29,28,92,偏西風,2,2,33,多雲,02,10,10,2018-07-01
臺北市,信義區,6300200,2018-07-02,00:00:00,28,26,91,偏西風,2,2,32,多雲,02,10,10,2018-07-01
臺北市,信義區,6300200,2018-07-02,03:00:00,27,24,85,西南風,1,<= 1,30,多雲,02,10,10,2018-07-01
臺北市,信義區,6300200,2018-07-02,06:00:00,26,22,78,西南風,1,<= 1,29,晴,01,20,20,2018-07-01
臺北市,信義區,6300200,2018-07-02,09:00:00,32,25,69,西南風,2,<= 1,36,晴,01,20,20,2018-07-01
臺北市,信義區,6300200,2018-07-02,12:00:00,36,28,61,西南風,2,<= 1,41,多雲,02,20,20,2018-07-01
臺北市,信義區,6300200,2018-07-02,15:00:00,35,27,63,東南風,1,<= 1,40,多雲,02,20,20,2018-07-01
臺北市,信義區,6300200,2018-07-02,18:00:00,32,26,71,偏南風,2,<= 1,37,多雲,02,10,10,2018-07-01
臺北市,信義區,6300200,2018-07-02,21:00:00,30,27,84,偏東風,1,<= 1,35,晴,01,10,10,2018-07-01
臺北市,信義區,6300200,2018-07-03,00:00:00,29,27,89,偏西風,1,<= 1,34,晴,01,0,10,2018-07-01
臺北市,信義區,6300200,2018-07-03,03:00:00,28,25,86,東南風,1,<= 1,32,多雲,02,0,10,2018-07-01
臺北市,信義區,6300200,2018-07-03,06:00:00,27,23,81,西南風,1,<= 1,31,多雲,02,20,20,2018-07-01
臺北市,信義區,6300200,2018-07-03,09:00:00,31,26,73,偏南風,1,<= 1,36,多雲,02,20,20,2018-07-01
臺北市,信義區,6300200,2018-07-03,12:00:00,35,28,66,東北風,2,<= 1,41,多雲,02,20,20,2018-07-01
臺北市,信義區,6300200,2018-07-03,15:00:00,34,27,68,偏南風,3,2,39,多雲,02,20,20,2018-07-01
臺北市,信義區,6300200,2018-07-03,18:00:00,31,28,80,偏西風,1,<= 1,35,多雲,02,10,10,2018-07-01
臺北市,信義區,6300200,2018-07-03,21:00:00,30,28,89,偏東風,1,<= 1,35,多雲,02,10,10,2018-07-01
臺北市,信義區,6300200,2018-07-04,00:00:00,28,27,90,東南風,1,<= 1,33,晴,01,0,10,2018-07-01
臺北市,信義區,6300200,2018-07-04,03:00:00,27,25,87,西南風,1,<= 1,32,多雲,02,0,10,2018-07-01
臺北市,中山區,6300400,2018-07-01,06:00:00,27,26,96,西北風,1,<= 1,32,多雲,02,20,20,2018-07-01
臺北市,中山區,6300400,2018-07-01,09:00:00,31,28,83,西北風,4,3,37,多雲,02,20,20,2018-07-01
臺北市,中山區,6300400,2018-07-01,12:00:00,35,30,76,西北風,4,3,40,多雲,02,20,20,2018-07-01
臺北市,中山區,6300400,2018-07-01,15:00:00,34,31,82,西北風,4,3,39,多雲,02,20,20,2018-07-01
臺北市,中山區,6300400,2018-07-01,18:00:00,32,29,85,西北風,3,2,36,多雲,02,10,10,2018-07-01
臺北市,中山區,6300400,2018-07-01,21:00:00,30,29,91,偏西風,2,2,35,多雲,02,10,10,2018-07-01
臺北市,中山區,6300400,2018-07-02,00:00:00,29,27,90,西北風,2,<= 1,34,多雲,02,10,10,2018-07-01
臺北市,中山區,6300400,2018-07-02,03:00:00,28,25,85,偏西風,1,<= 1,32,多雲,02,10,10,2018-07-01
臺北市,中山區,6300400,2018-07-02,06:00:00,28,23,78,偏西風,1,<= 1,31,晴,01,20,20,2018-07-01
臺北市,中山區,6300400,2018-07-02,09:00:00,32,26,69,偏西風,2,<= 1,37,晴,01,20,20,2018-07-01
臺北市,中山區,6300400,2018-07-02,12:00:00,36,28,62,偏西風,2,<= 1,41,多雲,02,20,20,2018-07-01
臺北市,中山區,6300400,2018-07-02,15:00:00,35,27,64,偏南風,1,<= 1,40,多雲,02,20,20,2018-07-01
臺北市,中山區,6300400,2018-07-02,18:00:00,33,26,70,西南風,2,2,38,多雲,02,10,10,2018-07-01
臺北市,中山區,6300400,2018-07-02,21:00:00,31,27,80,東北風,1,<= 1,35,晴,01,10,10,2018-07-01
臺北市,中山區,6300400,2018-07-03,00:00:00,30,27,88,西北風,1,<= 1,35,晴,01,0,10,2018-07-01
臺北市,中山區,6300400,2018-07-03,03:00:00,29,26,85,偏東風,1,<= 1,33,多雲,02,0,10,2018-07-01
臺北市,中山區,6300400,2018-07-03,06:00:00,28,24,79,西南風,1,<= 1,32,多雲,02,20,20,2018-07-01
臺北市,中山區,6300400,2018-07-03,09:00:00,32,26,71,偏南風,1,<= 1,37,多雲,02,20,20,2018-07-01
臺北市,中山區,6300400,2018-07-03,12:00:00,35,27,64,西北風,2,<= 1,41,多雲,02,20,20,2018-07-01
臺北市,中山區,6300400,2018-07-03,15:00:00,34,27,66,偏南風,2,2,39,多雲,02,20,20,2018-07-01
臺北市,中山區,6300400,2018-07-03,18:00:00,32,28,79,西北風,1,<= 1,37,多雲,02,10,10,2018-07-01
臺北市,中山區,6300400,2018-07-03,21:00:00,31,28,88,東北風,1,<= 1,36,多雲,02,10,10,2018-07-01
臺北市,中山區,6300400,2018-07-04,00:00:00,29,28,89,偏北風,1,<= 1,35,晴,01,0,10,2018-07-01
臺北市,中山區,6300400,2018-07-04,03:00:00,28,26,86,西北風,1,<= 1,33,多雲,02,0,10,2018-07-01
臺北市,北投區,6301200,2018-07-01,06:00:00,27,26,95,西北風,3,2,31,多雲,02,20,20,2018-07-01
臺北市,北投區,6301200,2018-07-01,09:00:00,32,29,87,西北風,4,3,36,多雲,02,20,20,2018-07-01
臺北市,北投區,6301200,2018-07-01,12:00:00,34,30,80,西北風,4,3,39,多雲,02,20,20,2018-07-01
臺北市,北投區,6301200,2018-07-01,15:00:00,34,30,82,西北風,4,3,38,多雲,02,20,20,2018-07-01
臺北市,北投區,6301200,2018-07-01,18:00:00,31,29,85,西北風,4,3,35,多雲,02,10,20,2018-07-01
臺北市,北投區,6301200,2018-07-01,21:00:00,29,28,91,西北風,4,3,33,多雲,02,10,20,2018-07-01
臺北市,北投區,6301200,2018-07-02,00:00:00,28,27,90,西北風,4,3,31,多雲,02,20,20,2018-07-01
臺北市,北投區,6301200,2018-07-02,03:00:00,28,25,85,偏北風,2,2,30,多雲,02,20,20,2018-07-01
臺北市,北投區,6301200,2018-07-02,06:00:00,27,23,79,西北風,1,<= 1,30,多雲,02,20,20,2018-07-01
臺北市,北投區,6301200,2018-07-02,09:00:00,32,26,72,偏西風,3,2,37,晴,01,20,20,2018-07-01
臺北市,北投區,6301200,2018-07-02,12:00:00,35,28,64,偏西風,2,2,39,多雲,02,20,20,2018-07-01
臺北市,北投區,6301200,2018-07-02,15:00:00,34,27,67,偏南風,2,2,39,多雲,02,20,20,2018-07-01
臺北市,北投區,6301200,2018-07-02,18:00:00,32,26,69,西北風,2,<= 1,36,多雲,02,10,10,2018-07-01
臺北市,北投區,6301200,2018-07-02,21:00:00,30,25,73,偏北風,1,<= 1,34,晴,01,10,10,2018-07-01
臺北市,北投區,6301200,2018-07-03,00:00:00,29,26,82,偏西風,2,<= 1,33,晴,01,0,10,2018-07-01
臺北市,北投區,6301200,2018-07-03,03:00:00,28,25,81,偏北風,1,<= 1,32,多雲,02,0,10,2018-07-01
臺北市,北投區,6301200,2018-07-03,06:00:00,28,23,77,偏南風,1,<= 1,31,多雲,02,20,20,2018-07-01
臺北市,北投區,6301200,2018-07-03,09:00:00,32,26,70,偏東風,1,<= 1,37,多雲,02,20,20,2018-07-01
臺北市,北投區,6301200,2018-07-03,12:00:00,35,26,62,偏西風,4,3,40,多雲,02,20,20,2018-07-01
臺北市,北投區,6301200,2018-07-03,15:00:00,34,26,63,東南風,3,2,37,多雲,02,20,20,2018-07-01
臺北市,北投區,6301200,2018-07-03,18:00:00,32,27,78,偏東風,1,<= 1,36,多雲,02,0,0,2018-07-01
臺北市,北投區,6301200,2018-07-03,21:00:00,30,28,88,偏北風,1,<= 1,35,晴,01,0,0,2018-07-01
臺北市,北投區,6301200,2018-07-04,00:00:00,29,27,89,偏西風,1,<= 1,34,晴,01,0,0,2018-07-01
臺北市,北投區,6301200,2018-07-04,03:00:00,28,25,85,偏西風,1,<= 1,32,多雲,02,0,0,2018-07-01
高雄市,前鎮區,6400900,2018-07-01,06:00:00,27,25,90,西北風,2,2,30,短暫陣雨或雷雨,36,60,60,2018-07-01
高雄市,前鎮區,6400900,2018-07-01,09:00:00,29,27,87,偏西風,4,3,33,短暫陣雨或雷雨,36,60,60,2018-07-01
高雄市,前鎮區,6400900,2018-07-01,12:00:00,31,28,85,偏西風,6,4,35,短暫陣雨或雷雨,36,30,60,2018-07-01
高雄市,前鎮區,6400900,2018-07-01,15:00:00,31,28,85,偏西風,3,2,33,短暫陣雨或雷雨,36,30,60,2018-07-01
高雄市,前鎮區,6400900,2018-07-01,18:00:00,29,26,87,偏西風,1,<= 1,32,短暫陣雨或雷雨,36,30,70,2018-07-01
高雄市,前鎮區,6400900,2018-07-01,21:00:00,27,26,90,西南風,4,3,32,短暫陣雨或雷雨,36,30,70,2018-07-01
高雄市,前鎮區,6400900,2018-07-02,00:00:00,27,25,92,偏東風,3,2,29,短暫陣雨或雷雨,36,70,70,2018-07-01
高雄市,前鎮區,6400900,2018-07-02,03:00:00,26,25,93,偏東風,2,2,29,短暫陣雨或雷雨,36,70,70,2018-07-01
高雄市,前鎮區,6400900,2018-07-02,06:00:00,26,24,91,偏東風,2,2,29,短暫陣雨或雷雨,36,70,70,2018-07-01
高雄市,前鎮區,6400900,2018-07-02,09:00:00,28,27,90,偏東風,4,3,32,多雲,02,70,70,2018-07-01
高雄市,前鎮區,6400900,2018-07-02,12:00:00,30,27,85,偏東風,4,3,34,午後短暫雷陣雨,36,40,70,2018-07-01
高雄市,前鎮區,6400900,2018-07-02,15:00:00,30,28,87,偏東風,3,2,34,午後短暫雷陣雨,36,40,70,2018-07-01
高雄市,前鎮區,6400900,2018-07-02,18:00:00,28,26,90,東北風,2,<= 1,32,多雲,02,20,70,2018-07-01
高雄市,前鎮區,6400900,2018-07-02,21:00:00,27,25,89,偏南風,2,<= 1,31,多雲,02,20,70,2018-07-01
高雄市,前鎮區,6400900,2018-07-03,00:00:00,27,25,90,西南風,3,2,30,短暫陣雨或雷雨,36,70,70,2018-07-01
高雄市,前鎮區,6400900,2018-07-03,03:00:00,26,25,90,東南風,2,2,29,短暫陣雨或雷雨,36,70,70,2018-07-01
高雄市,前鎮區,6400900,2018-07-03,06:00:00,26,24,92,偏東風,1,<= 1,29,短暫陣雨或雷雨,36,80,80,2018-07-01
高雄市,前鎮區,6400900,2018-07-03,09:00:00,29,27,92,偏西風,2,<= 1,34,多雲,02,80,80,2018-07-01
高雄市,前鎮區,6400900,2018-07-03,12:00:00,31,28,88,西南風,1,<= 1,36,午後短暫雷陣雨,36,60,80,2018-07-01
高雄市,前鎮區,6400900,2018-07-03,15:00:00,30,28,86,偏東風,1,<= 1,36,午後短暫雷陣雨,36,60,80,2018-07-01
高雄市,前鎮區,6400900,2018-07-03,18:00:00,29,26,86,偏東風,1,<= 1,33,多雲,02,20,70,2018-07-01
高雄市,前鎮區,6400900,2018-07-03,21:00:00,27,25,88,偏南風,4,3,32,多雲,02,20,70,2018-07-01
高雄市,前鎮區,6400900,2018-07-04,00:00:00,27,25,90,偏南風,2,<= 1,29,多雲,02,70,70,2018-07-01
高雄市,前鎮區,6400900,2018-07-04,03:00:00,27,25,92,偏東風,1,<= 1,30,短暫陣雨或雷雨,36,70,70,2018-07-01
高雄市,大寮區,6401400,2018-07-01,06:00:00,26,25,93,西北風,2,<= 1,29,短暫陣雨或雷雨,36,30,30,2018-07-01
高雄市,大寮區,6401400,2018-07-01,09:00:00,29,27,86,西南風,4,3,33,短暫陣雨或雷雨,36,30,30,2018-07-01
高雄市,大寮區,6401400,2018-07-01,12:00:00,31,28,83,偏西風,5,3,35,短暫陣雨或雷雨,36,30,30,2018-07-01
高雄市,大寮區,6401400,2018-07-01,15:00:00,31,28,84,偏西風,3,2,35,短暫陣雨或雷雨,36,30,30,2018-07-01
高雄市,大寮區,6401400,2018-07-01,18:00:00,29,27,89,西北風,1,<= 1,33,短暫陣雨或雷雨,36,30,70,2018-07-01
高雄市,大寮區,6401400,2018-07-01,21:00:00,27,26,95,西南風,3,2,32,短暫陣雨或雷雨,36,30,70,2018-07-01
高雄市,大寮區,6401400,2018-07-02,00:00:00,27,26,96,偏東風,2,2,30,短暫陣雨或雷雨,36,70,70,2018-07-01
高雄市,大寮區,6401400,2018-07-02,03:00:00,26,25,97,偏東風,3,2,29,短暫陣雨或雷雨,36,70,70,2018-07-01
高雄市,大寮區,6401400,2018-07-02,06:00:00,25,25,96,東南風,1,<= 1,28,短暫陣雨或雷雨,36,70,70,2018-07-01
高雄市,大寮區,6401400,2018-07-02,09:00:00,28,27,93,偏東風,3,2,33,多雲,02,70,70,2018-07-01
高雄市,大寮區,6401400,2018-07-02,12:00:00,31,28,85,偏東風,3,2,35,午後短暫雷陣雨,36,50,70,2018-07-01
高雄市,大寮區,6401400,2018-07-02,15:00:00,31,28,88,偏東風,2,<= 1,35,午後短暫雷陣雨,36,50,70,2018-07-01
高雄市,大寮區,6401400,2018-07-02,18:00:00,29,27,90,東北風,3,2,33,多雲,02,20,70,2018-07-01
高雄市,大寮區,6401400,2018-07-02,21:00:00,27,26,94,東南風,1,<= 1,31,多雲,02,20,70,2018-07-01
高雄市,大寮區,6401400,2018-07-03,00:00:00,27,26,96,東南風,2,<= 1,31,短暫陣雨或雷雨,36,70,70,2018-07-01
高雄市,大寮區,6401400,2018-07-03,03:00:00,26,25,94,偏東風,2,2,30,短暫陣雨或雷雨,36,70,70,2018-07-01
高雄市,大寮區,6401400,2018-07-03,06:00:00,25,24,93,偏南風,1,<= 1,28,短暫陣雨或雷雨,36,80,80,2018-07-01
高雄市,大寮區,6401400,2018-07-03,09:00:00,29,28,93,西南風,1,<= 1,34,多雲,02,80,80,2018-07-01
高雄市,大寮區,6401400,2018-07-03,12:00:00,31,30,90,偏東風,2,<= 1,37,午後短暫雷陣雨,36,70,80,2018-07-01
高雄市,大寮區,6401400,2018-07-03,15:00:00,31,29,89,西南風,2,<= 1,37,午後短暫雷陣雨,36,70,80,2018-07-01
高雄市,大寮區,6401400,2018-07-03,18:00:00,29,27,91,偏東風,1,<= 1,34,多雲,02,20,70,2018-07-01
高雄市,大寮區,6401400,2018-07-03,21:00:00,28,26,92,東南風,3,2,32,多雲,02,20,70,2018-07-01
高雄市,大寮區,6401400,2018-07-04,00:00:00,27,26,94,偏東風,2,<= 1,30,多雲,02,70,70,2018-07-01
高雄市,大寮區,6401400,2018-07-04,03:00:00,26,25,95,東北風,1,<= 1,30,短暫陣雨或雷雨,36,70,70,2018-07-01
高雄市,美濃區,6403100,2018-07-01,06:00:00,25,24,93,偏北風,2,<= 1,28,多雲,02,30,60,2018-07-01
高雄市,美濃區,6403100,2018-07-01,09:00:00,30,28,87,西北風,5,3,35,短暫陣雨或雷雨,36,30,60,2018-07-01
高雄市,美濃區,6403100,2018-07-01,12:00:00,33,30,86,偏西風,5,3,37,短暫陣雨或雷雨,36,60,60,2018-07-01
高雄市,美濃區,6403100,2018-07-01,15:00:00,32,30,88,西南風,2,2,36,短暫陣雨或雷雨,36,60,60,2018-07-01
高雄市,美濃區,6403100,2018-07-01,18:00:00,29,27,92,東北風,3,2,33,短暫陣雨或雷雨,36,30,70,2018-07-01
高雄市,美濃區,6403100,2018-07-01,21:00:00,27,26,97,東南風,3,2,30,短暫陣雨或雷雨,36,30,70,2018-07-01
高雄市,美濃區,6403100,2018-07-02,00:00:00,26,25,97,東南風,2,2,29,短暫陣雨或雷雨,36,70,70,2018-07-01
高雄市,美濃區,6403100,2018-07-02,03:00:00,25,25,98,偏東風,2,2,28,短暫陣雨或雷雨,36,70,70,2018-07-01
高雄市,美濃區,6403100,2018-07-02,06:00:00,25,23,93,偏東風,2,2,27,短暫陣雨或雷雨,36,70,70,2018-07-01
高雄市,美濃區,6403100,2018-07-02,09:00:00,30,27,85,東南風,2,2,34,多雲,02,70,70,2018-07-01
高雄市,美濃區,6403100,2018-07-02,12:00:00,32,29,84,偏北風,2,<= 1,38,午後短暫雷陣雨,36,70,70,2018-07-01
高雄市,美濃區,6403100,2018-07-02,15:00:00,32,29,85,東南風,2,<= 1,37,多雲,02,70,70,2018-07-01
高雄市,美濃區,6403100,2018-07-02,18:00:00,29,27,90,偏東風,1,<= 1,33,多雲,02,20,60,2018-07-01
高雄市,美濃區,6403100,2018-07-02,21:00:00,27,26,96,偏南風,2,<= 1,31,多雲,02,20,60,2018-07-01
高雄市,美濃區,6403100,2018-07-03,00:00:00,26,25,96,偏南風,2,<= 1,29,短暫陣雨或雷雨,36,60,60,2018-07-01
高雄市,美濃區,6403100,2018-07-03,03:00:00,25,25,97,偏南風,2,<= 1,29,短暫陣雨或雷雨,36,60,60,2018-07-01
高雄市,美濃區,6403100,2018-07-03,06:00:00,25,24,95,偏東風,2,2,28,短暫陣雨或雷雨,36,80,80,2018-07-01
高雄市,美濃區,6403100,2018-07-03,09:00:00,30,28,92,偏南風,3,2,35,多雲,02,80,80,2018-07-01
高雄市,美濃區,6403100,2018-07-03,12:00:00,33,31,91,偏南風,2,2,38,午後短暫雷陣雨,36,60,80,2018-07-01
高雄市,美濃區,6403100,2018-07-03,15:00:00,32,31,92,西南風,2,<= 1,38,午後短暫雷陣雨,36,60,80,2018-07-01
高雄市,美濃區,6403100,2018-07-03,18:00:00,29,28,96,偏東風,2,<= 1,34,多雲,02,0,20,2018-07-01
高雄市,美濃區,6403100,2018-07-03,21:00:00,27,27,97,偏南風,2,2,31,多雲,02,0,20,2018-07-01
高雄市,美濃區,6403100,2018-07-04,00:00:00,26,25,96,東南風,2,<= 1,30,晴,01,20,20,2018-07-01
高雄市,美濃區,6403100,2018-07-04,03:00:00,25,25,95,偏南風,1,<= 1,29,多雲,02,20,20,2018-07-01
高雄市,鹽埕區,6400100,2018-07-01,06:00:00,27,25,90,偏北風,3,2,31,短暫陣雨或雷雨,36,60,60,2018-07-01
高雄市,鹽埕區,6400100,2018-07-01,09:00:00,29,27,86,偏西風,4,3,33,短暫陣雨或雷雨,36,60,60,2018-07-01
高雄市,鹽埕區,6400100,2018-07-01,12:00:00,31,28,84,偏西風,5,3,34,短暫陣雨或雷雨,36,30,60,2018-07-01
高雄市,鹽埕區,6400100,2018-07-01,15:00:00,31,28,85,偏西風,3,2,33,短暫陣雨或雷雨,36,30,60,2018-07-01
高雄市,鹽埕區,6400100,2018-07-01,18:00:00,29,26,87,西南風,1,<= 1,33,短暫陣雨或雷雨,36,30,70,2018-07-01
高雄市,鹽埕區,6400100,2018-07-01,21:00:00,28,26,90,西南風,3,2,32,短暫陣雨或雷雨,36,30,70,2018-07-01
高雄市,鹽埕區,6400100,2018-07-02,00:00:00,27,26,92,東北風,2,2,30,短暫陣雨或雷雨,36,70,70,2018-07-01
高雄市,鹽埕區,6400100,2018-07-02,03:00:00,27,25,93,偏東風,2,2,30,短暫陣雨或雷雨,36,70,70,2018-07-01
高雄市,鹽埕區,6400100,2018-07-02,06:00:00,26,24,91,偏東風,3,2,29,短暫陣雨或雷雨,36,70,70,2018-07-01
高雄市,鹽埕區,6400100,2018-07-02,09:00:00,28,26,90,偏東風,4,3,32,多雲,02,70,70,2018-07-01
高雄市,鹽埕區,6400100,2018-07-02,12:00:00,30,27,85,東北風,3,2,33,午後短暫雷陣雨,36,40,70,2018-07-01
高雄市,鹽埕區,6400100,2018-07-02,15:00:00,30,28,87,偏東風,4,3,34,午後短暫雷陣雨,36,40,70,2018-07-01
高雄市,鹽埕區,6400100,2018-07-02,18:00:00,29,27,90,東北風,2,2,32,多雲,02,20,70,2018-07-01
高雄市,鹽埕區,6400100,2018-07-02,21:00:00,27,26,90,偏南風,2,<= 1,31,多雲,02,20,70,2018-07-01
高雄市,鹽埕區,6400100,2018-07-03,00:00:00,27,25,91,偏南風,3,2,31,短暫陣雨或雷雨,36,70,70,2018-07-01
高雄市,鹽埕區,6400100,2018-07-03,03:00:00,27,25,91,東南風,2,2,30,短暫陣雨或雷雨,36,70,70,2018-07-01
高雄市,鹽埕區,6400100,2018-07-03,06:00:00,26,25,92,偏東風,2,<= 1,29,短暫陣雨或雷雨,36,80,80,2018-07-01
高雄市,鹽埕區,6400100,2018-07-03,09:00:00,29,27,92,偏南風,1,<= 1,33,多雲,02,80,80,2018-07-01
高雄市,鹽埕區,6400100,2018-07-03,12:00:00,31,29,89,偏東風,1,<= 1,37,午後短暫雷陣雨,36,60,80,2018-07-01
高雄市,鹽埕區,6400100,2018-07-03,15:00:00,31,28,86,東南風,2,<= 1,36,午後短暫雷陣雨,36,60,80,2018-07-01
高雄市,鹽埕區,6400100,2018-07-03,18:00:00,29,27,87,偏東風,2,<= 1,33,多雲,02,20,70,2018-07-01
高雄市,鹽埕區,6400100,2018-07-03,21:00:00,28,26,88,偏南風,4,3,32,多雲,02,20,70,2018-07-01
高雄市,鹽埕區,6400100,2018-07-04,00:00:00,27,26,90,偏南風,2,2,30,多雲,02,70,70,2018-07-01
高雄市,鹽埕區,6400100,2018-07-04,03:00:00,27,25,92,東南風,1,<= 1,30,短暫陣雨或雷雨,36,70,70,2018-07-01
高雄市,田寮區,6402200,2018-07-01,06:00:00,25,24,94,偏北風,1,<= 1,28,短暫陣雨或雷雨,36,30,30,2018-07-01
高雄市,田寮區,6402200,2018-07-01,09:00:00,29,27,86,西北風,4,3,34,短暫陣雨或雷雨,36,30,30,2018-07-01
高雄市,田寮區,6402200,2018-07-01,12:00:00,31,28,84,偏北風,2,<= 1,35,短暫陣雨或雷雨,36,30,30,2018-07-01
高雄市,田寮區,6402200,2018-07-01,15:00:00,31,28,87,偏西風,3,2,36,短暫陣雨或雷雨,36,30,30,2018-07-01
高雄市,田寮區,6402200,2018-07-01,18:00:00,28,27,91,偏東風,2,2,31,短暫陣雨或雷雨,36,30,70,2018-07-01
高雄市,田寮區,6402200,2018-07-01,21:00:00,26,26,97,偏東風,2,<= 1,30,短暫陣雨或雷雨,36,30,70,2018-07-01
高雄市,田寮區,6402200,2018-07-02,00:00:00,26,25,97,偏東風,3,2,29,短暫陣雨或雷雨,36,70,70,2018-07-01
高雄市,田寮區,6402200,2018-07-02,03:00:00,25,25,98,偏東風,4,3,28,短暫陣雨或雷雨,36,70,70,2018-07-01
高雄市,田寮區,6402200,2018-07-02,06:00:00,25,24,95,偏東風,4,3,27,短暫陣雨或雷雨,36,70,70,2018-07-01
高雄市,田寮區,6402200,2018-07-02,09:00:00,29,27,88,東南風,3,2,32,多雲,02,70,70,2018-07-01
高雄市,田寮區,6402200,2018-07-02,12:00:00,31,28,85,東北風,5,3,35,午後短暫雷陣雨,36,50,70,2018-07-01
高雄市,田寮區,6402200,2018-07-02,15:00:00,30,27,85,偏東風,3,2,33,多雲,02,50,70,2018-07-01
高雄市,田寮區,6402200,2018-07-02,18:00:00,28,26,90,偏東風,5,3,31,多雲,02,20,60,2018-07-01
高雄市,田寮區,6402200,2018-07-02,21:00:00,26,25,95,東南風,2,2,28,多雲,02,20,60,2018-07-01
高雄市,田寮區,6402200,2018-07-03,00:00:00,26,25,98,東南風,3,2,29,短暫陣雨或雷雨,36,60,60,2018-07-01
高雄市,田寮區,6402200,2018-07-03,03:00:00,25,25,97,東南風,3,2,28,短暫陣雨或雷雨,36,60,60,2018-07-01
高雄市,田寮區,6402200,2018-07-03,06:00:00,25,24,95,偏東風,4,3,28,短暫陣雨或雷雨,36,50,50,2018-07-01
高雄市,田寮區,6402200,2018-07-03,09:00:00,30,29,93,西南風,4,3,34,多雲,02,50,50,2018-07-01
高雄市,田寮區,6402200,2018-07-03,12:00:00,32,30,91,偏北風,1,<= 1,36,午後短暫雷陣雨,36,40,50,2018-07-01
高雄市,田寮區,6402200,2018-07-03,15:00:00,31,29,90,偏南風,2,2,37,午後短暫雷陣雨,36,40,50,2018-07-01
高雄市,田寮區,6402200,2018-07-03,18:00:00,28,27,93,東南風,2,2,33,多雲,02,20,50,2018-07-01
高雄市,田寮區,6402200,2018-07-03,21:00:00,27,26,95,偏南風,4,3,30,多雲,02,20,50,2018-07-01
高雄市,田寮區,6402200,2018-07-04,00:00:00,26,25,95,東南風,3,2,28,多雲,02,50,50,2018-07-01
高雄市,田寮區,6402200,2018-07-04,03:00:00,25,25,95,東南風,2,<= 1,28,短暫陣雨或雷雨,36,50,50,2018-07-01
高雄市,梓官區,6402900,2018-07-01,06:00:00,26,25,91,西南風,2,2,29,短暫陣雨或雷雨,36,30,30,2018-07-01
高雄市,梓官區,6402900,2018-07-01,09:00:00,29,26,86,西北風,2,2,33,短暫陣雨或雷雨,36,30,30,2018-07-01
高雄市,梓官區,6402900,2018-07-01,12:00:00,31,27,84,偏西風,6,4,35,短暫陣雨或雷雨,36,30,30,2018-07-01
高雄市,梓官區,6402900,2018-07-01,15:00:00,30,27,83,偏西風,4,3,32,短暫陣雨或雷雨,36,30,30,2018-07-01
高雄市,梓官區,6402900,2018-07-01,18:00:00,29,26,87,東南風,1,<= 1,32,短暫陣雨或雷雨,36,30,70,2018-07-01
高雄市,梓官區,6402900,2018-07-01,21:00:00,27,26,91,西南風,6,4,32,短暫陣雨或雷雨,36,30,70,2018-07-01
高雄市,梓官區,6402900,2018-07-02,00:00:00,27,26,94,偏東風,3,2,28,短暫陣雨或雷雨,36,70,70,2018-07-01
高雄市,梓官區,6402900,2018-07-02,03:00:00,26,25,94,偏東風,4,3,29,短暫陣雨或雷雨,36,70,70,2018-07-01
高雄市,梓官區,6402900,2018-07-02,06:00:00,26,24,92,偏東風,4,3,27,短暫陣雨或雷雨,36,80,80,2018-07-01
高雄市,梓官區,6402900,2018-07-02,09:00:00,28,27,90,偏東風,4,3,31,多雲,02,80,80,2018-07-01
高雄市,梓官區,6402900,2018-07-02,12:00:00,30,28,87,東北風,6,4,34,午後短暫雷陣雨,36,40,80,2018-07-01
高雄市,梓官區,6402900,2018-07-02,15:00:00,30,28,87,偏東風,4,3,32,午後短暫雷陣雨,36,40,80,2018-07-01
高雄市,梓官區,6402900,2018-07-02,18:00:00,29,27,91,偏東風,1,<= 1,32,多雲,02,20,70,2018-07-01
高雄市,梓官區,6402900,2018-07-02,21:00:00,27,26,91,東南風,2,2,31,多雲,02,20,70,2018-07-01
高雄市,梓官區,6402900,2018-07-03,00:00:00,27,26,93,東南風,3,2,30,短暫陣雨或雷雨,36,70,70,2018-07-01
高雄市,梓官區,6402900,2018-07-03,03:00:00,26,25,93,東南風,3,2,29,短暫陣雨或雷雨,36,70,70,2018-07-01
高雄市,梓官區,6402900,2018-07-03,06:00:00,26,24,92,東南風,3,2,28,短暫陣雨或雷雨,36,80,80,2018-07-01
高雄市,梓官區,6402900,2018-07-03,09:00:00,29,27,91,偏北風,2,2,32,多雲,02,80,80,2018-07-01
高雄市,梓官區,6402900,2018-07-03,12:00:00,30,28,89,偏南風,4,3,35,午後短暫雷陣雨,36,60,80,2018-07-01
高雄市,梓官區,6402900,2018-07-03,15:00:00,30,28,88,偏北風,3,2,34,午後短暫雷陣雨,36,60,80,2018-07-01
高雄市,梓官區,6402900,2018-07-03,18:00:00,29,27,89,東南風,2,2,32,多雲,02,20,70,2018-07-01
高雄市,梓官區,6402900,2018-07-03,21:00:00,27,26,91,偏南風,4,3,31,多雲,02,20,70,2018-07-01
高雄市,梓官區,6402900,2018-07-04,00:00:00,27,25,92,東南風,3,2,29,多雲,02,70,70,2018-07-01
高雄市,梓官區,6402900,2018-07-04,03:00:00,26,25,93,東南風,2,2,29,短暫陣雨或雷雨,36,70,70,2018-07-01
高雄市,茄萣區,6402600,2018-07-01,06:00:00,26,25,93,西南風,4,3,29,短暫陣雨或雷雨,36,30,30,2018-07-01
高雄市,茄萣區,6402600,2018-07-01,09:00:00,29,26,86,西南風,2,2,32,短暫陣雨或雷雨,36,30,30,2018-07-01
高雄市,茄萣區,6402600,2018-07-01,12:00:00,31,27,82,西南風,5,3,35,短暫陣雨或雷雨,36,30,30,2018-07-01
高雄市,茄萣區,6402600,2018-07-01,15:00:00,30,27,82,偏西風,4,3,32,短暫陣雨或雷雨,36,30,30,2018-07-01
高雄市,茄萣區,6402600,2018-07-01,18:00:00,28,26,85,東南風,1,<= 1,31,短暫陣雨或雷雨,36,30,70,2018-07-01
高雄市,茄萣區,6402600,2018-07-01,21:00:00,27,25,93,東南風,5,3,31,短暫陣雨或雷雨,36,30,70,2018-07-01
高雄市,茄萣區,6402600,2018-07-02,00:00:00,26,25,95,偏東風,6,4,28,短暫陣雨或雷雨,36,70,70,2018-07-01
高雄市,茄萣區,6402600,2018-07-02,03:00:00,26,25,95,偏東風,5,3,26,短暫陣雨或雷雨,36,70,70,2018-07-01
高雄市,茄萣區,6402600,2018-07-02,06:00:00,25,24,93,偏東風,5,3,26,短暫陣雨或雷雨,36,80,80,2018-07-01
高雄市,茄萣區,6402600,2018-07-02,09:00:00,28,26,89,偏東風,7,4,31,多雲,02,80,80,2018-07-01
高雄市,茄萣區,6402600,2018-07-02,12:00:00,30,28,88,東北風,7,4,32,午後短暫雷陣雨,36,40,80,2018-07-01
高雄市,茄萣區,6402600,2018-07-02,15:00:00,30,27,86,偏東風,5,3,31,午後短暫雷陣雨,36,40,80,2018-07-01
高雄市,茄萣區,6402600,2018-07-02,18:00:00,28,27,92,東南風,2,2,30,多雲,02,20,70,2018-07-01
高雄市,茄萣區,6402600,2018-07-02,21:00:00,27,25,92,東南風,3,2,30,多雲,02,20,70,2018-07-01
高雄市,茄萣區,6402600,2018-07-03,00:00:00,26,25,94,偏南風,3,2,29,短暫陣雨或雷雨,36,70,70,2018-07-01
高雄市,茄萣區,6402600,2018-07-03,03:00:00,26,25,93,東南風,3,2,28,短暫陣雨或雷雨,36,70,70,2018-07-01
高雄市,茄萣區,6402600,2018-07-03,06:00:00,25,24,94,東北風,2,2,28,短暫陣雨或雷雨,36,60,60,2018-07-01
高雄市,茄萣區,6402600,2018-07-03,09:00:00,29,27,93,東南風,3,2,33,多雲,02,60,60,2018-07-01
高雄市,茄萣區,6402600,2018-07-03,12:00:00,31,29,91,偏南風,2,<= 1,35,午後短暫雷陣雨,36,50,60,2018-07-01
高雄市,茄萣區,6402600,2018-07-03,15:00:00,30,28,90,偏南風,2,2,36,午後短暫雷陣雨,36,50,60,2018-07-01
高雄市,茄萣區,6402600,2018-07-03,18:00:00,28,27,91,東南風,3,2,33,多雲,02,20,60,2018-07-01
高雄市,茄萣區,6402600,2018-07-03,21:00:00,27,26,92,偏南風,5,3,30,多雲,02,20,60,2018-07-01
高雄市,茄萣區,6402600,2018-07-04,00:00:00,27,26,94,偏南風,4,3,28,多雲,02,60,60,2018-07-01
高雄市,茄萣區,6402600,2018-07-04,03:00:00,26,25,95,東南風,3,2,28,短暫陣雨或雷雨,36,60,60,2018-07-01
高雄市,內門區,6403500,2018-07-01,06:00:00,25,24,94,西北風,2,<= 1,27,多雲,02,30,60,2018-07-01
高雄市,內門區,6403500,2018-07-01,09:00:00,30,28,88,西北風,3,2,35,短暫陣雨或雷雨,36,30,60,2018-07-01
高雄市,內門區,6403500,2018-07-01,12:00:00,32,29,87,偏西風,4,3,36,短暫陣雨或雷雨,36,60,60,2018-07-01
高雄市,內門區,6403500,2018-07-01,15:00:00,31,29,88,西南風,3,2,35,短暫陣雨或雷雨,36,60,60,2018-07-01
高雄市,內門區,6403500,2018-07-01,18:00:00,28,27,92,偏東風,3,2,31,短暫陣雨或雷雨,36,30,70,2018-07-01
高雄市,內門區,6403500,2018-07-01,21:00:00,26,25,98,東南風,2,2,29,短暫陣雨或雷雨,36,30,70,2018-07-01
高雄市,內門區,6403500,2018-07-02,00:00:00,25,25,98,東南風,3,2,28,短暫陣雨或雷雨,36,70,70,2018-07-01
高雄市,內門區,6403500,2018-07-02,03:00:00,24,24,98,偏東風,3,2,27,短暫陣雨或雷雨,36,70,70,2018-07-01
高雄市,內門區,6403500,2018-07-02,06:00:00,24,23,94,東南風,3,2,26,短暫陣雨或雷雨,36,70,70,2018-07-01
高雄市,內門區,6403500,2018-07-02,09:00:00,29,27,86,東南風,2,<= 1,33,多雲,02,70,70,2018-07-01
高雄市,內門區,6403500,2018-07-02,12:00:00,31,28,84,東北風,3,2,36,午後短暫雷陣雨,36,60,70,2018-07-01
高雄市,內門區,6403500,2018-07-02,15:00:00,31,28,86,東南風,3,2,35,多雲,02,60,70,2018-07-01
高雄市,內門區,6403500,2018-07-02,18:00:00,28,26,90,東南風,2,2,31,多雲,02,20,50,2018-07-01
高雄市,內門區,6403500,2018-07-02,21:00:00,26,25,97,偏南風,2,2,29,多雲,02,20,50,2018-07-01
高雄市,內門區,6403500,2018-07-03,00:00:00,25,25,98,東南風,2,2,28,短暫陣雨或雷雨,36,50,50,2018-07-01
高雄市,內門區,6403500,2018-07-03,03:00:00,25,24,98,偏南風,2,2,27,短暫陣雨或雷雨,36,50,50,2018-07-01
高雄市,內門區,6403500,2018-07-03,06:00:00,24,24,96,東南風,3,2,27,短暫陣雨或雷雨,36,50,50,2018-07-01
高雄市,內門區,6403500,2018-07-03,09:00:00,30,29,94,西南風,3,2,35,多雲,02,50,50,2018-07-01
高雄市,內門區,6403500,2018-07-03,12:00:00,32,31,92,東南風,2,2,38,午後短暫雷陣雨,36,30,50,2018-07-01
高雄市,內門區,6403500,2018-07-03,15:00:00,32,30,92,西南風,2,2,37,午後短暫雷陣雨,36,30,50,2018-07-01
高雄市,內門區,6403500,2018-07-03,18:00:00,28,28,96,偏東風,2,<= 1,33,多雲,02,10,20,2018-07-01
高雄市,內門區,6403500,2018-07-03,21:00:00,26,26,97,偏南風,3,2,30,多雲,02,10,20,2018-07-01
高雄市,內門區,6403500,2018-07-04,00:00:00,25,24,95,東南風,2,2,28,多雲,02,20,20,2018-07-01
高雄市,內門區,6403500,2018-07-04,03:00:00,25,24,94,偏南風,2,<= 1,28,多雲,02,20,20,2018-07-01
高雄市,左營區,6400300,2018-07-01,06:00:00,27,25,91,偏西風,2,<= 1,31,短暫陣雨或雷雨,36,30,30,2018-07-01
高雄市,左營區,6400300,2018-07-01,09:00:00,29,26,85,偏西風,5,3,33,短暫陣雨或雷雨,36,30,30,2018-07-01
高雄市,左營區,6400300,2018-07-01,12:00:00,31,27,83,偏西風,5,3,33,短暫陣雨或雷雨,36,30,30,2018-07-01
高雄市,左營區,6400300,2018-07-01,15:00:00,31,27,83,偏西風,3,2,33,短暫陣雨或雷雨,36,30,30,2018-07-01
高雄市,左營區,6400300,2018-07-01,18:00:00,29,27,87,西南風,1,<= 1,32,短暫陣雨或雷雨,36,30,70,2018-07-01
高雄市,左營區,6400300,2018-07-01,21:00:00,28,26,92,西南風,4,3,32,短暫陣雨或雷雨,36,30,70,2018-07-01
高雄市,左營區,6400300,2018-07-02,00:00:00,27,26,95,東北風,2,2,30,短暫陣雨或雷雨,36,70,70,2018-07-01
高雄市,左營區,6400300,2018-07-02,03:00:00,27,26,95,偏東風,2,2,30,短暫陣雨或雷雨,36,70,70,2018-07-01
高雄市,左營區,6400300,2018-07-02,06:00:00,26,25,93,偏東風,2,2,29,短暫陣雨或雷雨,36,80,80,2018-07-01
高雄市,左營區,6400300,2018-07-02,09:00:00,28,27,91,偏東風,4,3,32,多雲,02,80,80,2018-07-01
高雄市,左營區,6400300,2018-07-02,12:00:00,30,28,86,東北風,3,2,34,午後短暫雷陣雨,36,50,80,2018-07-01
高雄市,左營區,6400300,2018-07-02,15:00:00,30,28,88,偏東風,3,2,34,午後短暫雷陣雨,36,50,80,2018-07-01
高雄市,左營區,6400300,2018-07-02,18:00:00,29,27,91,偏東風,1,<= 1,32,多雲,02,20,70,2018-07-01
高雄市,左營區,6400300,2018-07-02,21:00:00,27,26,92,東南風,2,<= 1,32,多雲,02,20,70,2018-07-01
高雄市,左營區,6400300,2018-07-03,00:00:00,27,26,94,偏南風,2,2,31,短暫陣雨或雷雨,36,70,70,2018-07-01
高雄市,左營區,6400300,2018-07-03,03:00:00,27,25,93,偏東風,3,2,30,短暫陣雨或雷雨,36,70,70,2018-07-01
高雄市,左營區,6400300,2018-07-03,06:00:00,26,25,93,偏東風,2,<= 1,29,短暫陣雨或雷雨,36,80,80,2018-07-01
高雄市,左營區,6400300,2018-07-03,09:00:00,29,27,93,西南風,2,<= 1,33,多雲,02,80,80,2018-07-01
高雄市,左營區,6400300,2018-07-03,12:00:00,31,29,89,東南風,1,<= 1,36,午後短暫雷陣雨,36,60,80,2018-07-01
高雄市,左營區,6400300,2018-07-03,15:00:00,30,28,87,偏南風,1,<= 1,36,午後短暫雷陣雨,36,60,80,2018-07-01
高雄市,左營區,6400300,2018-07-03,18:00:00,29,27,89,東南風,2,<= 1,34,多雲,02,20,70,2018-07-01
高雄市,左營區,6400300,2018-07-03,21:00:00,28,26,91,偏南風,4,3,32,多雲,02,20,70,2018-07-01
高雄市,左營區,6400300,2018-07-04,00:00:00,27,26,93,東南風,2,2,30,多雲,02,70,70,2018-07-01
高雄市,左營區,6400300,2018-07-04,03:00:00,27,26,94,東南風,2,<= 1,30,短暫陣雨或雷雨,36,70,70,2018-07-01
高雄市,六龜區,6403200,2018-07-01,06:00:00,23,21,85,偏西風,1,<= 1,26,多雲,02,30,70,2018-07-01
高雄市,六龜區,6403200,2018-07-01,09:00:00,30,27,87,偏西風,2,<= 1,35,短暫陣雨或雷雨,36,30,70,2018-07-01
高雄市,六龜區,6403200,2018-07-01,12:00:00,31,30,89,偏西風,2,2,37,短暫陣雨或雷雨,36,70,70,2018-07-01
高雄市,六龜區,6403200,2018-07-01,15:00:00,30,29,91,偏西風,1,<= 1,35,短暫陣雨或雷雨,36,70,70,2018-07-01
高雄市,六龜區,6403200,2018-07-01,18:00:00,27,25,92,偏東風,2,2,31,短暫陣雨或雷雨,36,30,60,2018-07-01
高雄市,六龜區,6403200,2018-07-01,21:00:00,25,23,94,偏東風,2,2,27,短暫陣雨或雷雨,36,30,60,2018-07-01
高雄市,六龜區,6403200,2018-07-02,00:00:00,24,23,95,偏南風,1,<= 1,26,短暫陣雨或雷雨,36,60,60,2018-07-01
高雄市,六龜區,6403200,2018-07-02,03:00:00,23,22,94,東北風,3,2,26,短暫陣雨或雷雨,36,60,60,2018-07-01
高雄市,六龜區,6403200,2018-07-02,06:00:00,23,21,91,東南風,1,<= 1,24,短暫陣雨或雷雨,36,70,70,2018-07-01
高雄市,六龜區,6403200,2018-07-02,09:00:00,29,27,85,偏南風,3,2,34,晴,01,70,70,2018-07-01
高雄市,六龜區,6403200,2018-07-02,12:00:00,31,28,84,偏北風,2,<= 1,35,午後短暫雷陣雨,36,60,70,2018-07-01
高雄市,六龜區,6403200,2018-07-02,15:00:00,30,27,86,偏南風,1,<= 1,35,午後短暫雷陣雨,36,60,70,2018-07-01
高雄市,六龜區,6403200,2018-07-02,18:00:00,27,25,89,偏東風,2,<= 1,30,多雲,02,20,20,2018-07-01
高雄市,六龜區,6403200,2018-07-02,21:00:00,24,22,88,東南風,1,<= 1,27,多雲,02,20,20,2018-07-01
高雄市,六龜區,6403200,2018-07-03,00:00:00,24,21,87,偏東風,1,<= 1,26,陰,03,20,20,2018-07-01
高雄市,六龜區,6403200,2018-07-03,03:00:00,23,22,91,偏東風,1,<= 1,26,多雲,02,20,20,2018-07-01
高雄市,六龜區,6403200,2018-07-03,06:00:00,23,21,90,東北風,1,<= 1,25,多雲,02,20,70,2018-07-01
高雄市,六龜區,6403200,2018-07-03,09:00:00,30,28,88,西南風,3,2,35,多雲,02,20,70,2018-07-01
高雄市,六龜區,6403200,2018-07-03,12:00:00,32,30,92,東南風,1,<= 1,37,午後短暫雷陣雨,36,70,70,2018-07-01
高雄市,六龜區,6403200,2018-07-03,15:00:00,31,30,94,偏南風,1,<= 1,37,午後短暫雷陣雨,36,70,70,2018-07-01
高雄市,六龜區,6403200,2018-07-03,18:00:00,27,25,92,偏東風,1,<= 1,31,多雲,02,0,20,2018-07-01
高雄市,六龜區,6403200,2018-07-03,21:00:00,25,23,90,東南風,2,<= 1,28,多雲,02,0,20,2018-07-01
高雄市,六龜區,6403200,2018-07-04,00:00:00,24,22,90,偏東風,1,<= 1,26,晴,01,20,20,2018-07-01
高雄市,六龜區,6403200,2018-07-04,03:00:00,23,22,90,偏東風,1,<= 1,26,多雲,02,20,20,2018-07-01
高雄市,大樹區,6401500,2018-07-01,06:00:00,24,23,95,偏西風,1,<= 1,27,短暫陣雨或雷雨,36,30,30,2018-07-01
高雄市,大樹區,6401500,2018-07-01,09:00:00,29,26,86,偏西風,4,3,33,短暫陣雨或雷雨,36,30,30,2018-07-01
高雄市,大樹區,6401500,2018-07-01,12:00:00,32,28,83,偏西風,4,3,36,短暫陣雨或雷雨,36,30,30,2018-07-01
高雄市,大樹區,6401500,2018-07-01,15:00:00,31,28,84,偏西風,3,2,35,短暫陣雨或雷雨,36,30,30,2018-07-01
高雄市,大樹區,6401500,2018-07-01,18:00:00,29,27,89,東北風,2,<= 1,32,短暫陣雨或雷雨,36,30,70,2018-07-01
高雄市,大樹區,6401500,2018-07-01,21:00:00,27,26,96,偏南風,3,2,31,短暫陣雨或雷雨,36,30,70,2018-07-01
高雄市,大樹區,6401500,2018-07-02,00:00:00,26,25,98,東北風,2,2,29,短暫陣雨或雷雨,36,70,70,2018-07-01
高雄市,大樹區,6401500,2018-07-02,03:00:00,25,25,99,偏東風,4,3,28,短暫陣雨或雷雨,36,70,70,2018-07-01
高雄市,大樹區,6401500,2018-07-02,06:00:00,24,24,96,東北風,3,2,25,短暫陣雨或雷雨,36,80,80,2018-07-01
高雄市,大樹區,6401500,2018-07-02,09:00:00,28,26,90,偏東風,5,3,31,多雲,02,80,80,2018-07-01
高雄市,大樹區,6401500,2018-07-02,12:00:00,31,28,84,東北風,3,2,34,午後短暫雷陣雨,36,60,80,2018-07-01
高雄市,大樹區,6401500,2018-07-02,15:00:00,31,28,86,偏東風,2,<= 1,35,午後短暫雷陣雨,36,60,80,2018-07-01
高雄市,大樹區,6401500,2018-07-02,18:00:00,28,26,90,東北風,2,2,32,多雲,02,20,70,2018-07-01
高雄市,大樹區,6401500,2018-07-02,21:00:00,26,26,96,偏南風,1,<= 1,30,多雲,02,20,70,2018-07-01
高雄市,大樹區,6401500,2018-07-03,00:00:00,26,25,98,偏東風,1,<= 1,30,短暫陣雨或雷雨,36,70,70,2018-07-01
高雄市,大樹區,6401500,2018-07-03,03:00:00,25,24,97,東北風,1,<= 1,29,短暫陣雨或雷雨,36,70,70,2018-07-01
高雄市,大樹區,6401500,2018-07-03,06:00:00,24,23,94,東北風,3,2,27,短暫陣雨或雷雨,36,60,60,2018-07-01
高雄市,大樹區,6401500,2018-07-03,09:00:00,28,27,94,偏東風,3,2,32,多雲,02,60,60,2018-07-01
高雄市,大樹區,6401500,2018-07-03,12:00:00,32,30,90,東南風,3,2,37,午後短暫雷陣雨,36,50,60,2018-07-01
高雄市,大樹區,6401500,2018-07-03,15:00:00,31,29,90,偏北風,1,<= 1,36,午後短暫雷陣雨,36,50,60,2018-07-01
高雄市,大樹區,6401500,2018-07-03,18:00:00,29,27,93,東北風,1,<= 1,34,多雲,02,10,60,2018-07-01
高雄市,大樹區,6401500,2018-07-03,21:00:00,27,26,96,偏南風,2,2,31,多雲,02,10,60,2018-07-01
高雄市,大樹區,6401500,2018-07-04,00:00:00,26,25,96,東南風,1,<= 1,29,多雲,02,60,60,2018-07-01
高雄市,大樹區,6401500,2018-07-04,03:00:00,25,24,96,偏東風,1,<= 1,29,短暫陣雨或雷雨,36,60,60,2018-07-01
高雄市,岡山區,6401900,2018-07-01,06:00:00,26,24,91,西南風,1,<= 1,29,短暫陣雨或雷雨,36,30,30,2018-07-01
高雄市,岡山區,6401900,2018-07-01,09:00:00,29,26,85,偏西風,3,2,34,短暫陣雨或雷雨,36,30,30,2018-07-01
高雄市,岡山區,6401900,2018-07-01,12:00:00,31,28,83,偏西風,4,3,35,短暫陣雨或雷雨,36,30,30,2018-07-01
高雄市,岡山區,6401900,2018-07-01,15:00:00,31,28,84,偏西風,3,2,34,短暫陣雨或雷雨,36,30,30,2018-07-01
高雄市,岡山區,6401900,2018-07-01,18:00:00,29,27,88,偏東風,1,<= 1,33,短暫陣雨或雷雨,36,30,70,2018-07-01
高雄市,岡山區,6401900,2018-07-01,21:00:00,27,26,93,西南風,4,3,32,短暫陣雨或雷雨,36,30,70,2018-07-01
高雄市,岡山區,6401900,2018-07-02,00:00:00,27,26,95,東南風,2,2,29,短暫陣雨或雷雨,36,70,70,2018-07-01
高雄市,岡山區,6401900,2018-07-02,03:00:00,26,25,96,偏東風,3,2,29,短暫陣雨或雷雨,36,70,70,2018-07-01
高雄市,岡山區,6401900,2018-07-02,06:00:00,25,24,93,東南風,3,2,28,短暫陣雨或雷雨,36,80,80,2018-07-01
高雄市,岡山區,6401900,2018-07-02,09:00:00,28,27,90,偏東風,3,2,32,多雲,02,80,80,2018-07-01
高雄市,岡山區,6401900,2018-07-02,12:00:00,30,28,87,東北風,5,3,35,午後短暫雷陣雨,36,50,80,2018-07-01
高雄市,岡山區,6401900,2018-07-02,15:00:00,30,28,87,偏東風,3,2,33,多雲,02,50,80,2018-07-01
高雄市,岡山區,6401900,2018-07-02,18:00:00,28,27,91,偏東風,1,<= 1,32,多雲,02,20,70,2018-07-01
高雄市,岡山區,6401900,2018-07-02,21:00:00,27,26,92,東南風,2,2,31,多雲,02,20,70,2018-07-01
高雄市,岡山區,6401900,2018-07-03,00:00:00,26,26,95,東南風,3,2,30,短暫陣雨或雷雨,36,70,70,2018-07-01
高雄市,岡山區,6401900,2018-07-03,03:00:00,26,25,94,東南風,3,2,29,短暫陣雨或雷雨,36,70,70,2018-07-01
高雄市,岡山區,6401900,2018-07-03,06:00:00,25,24,93,東南風,2,2,28,短暫陣雨或雷雨,36,80,80,2018-07-01
高雄市,岡山區,6401900,2018-07-03,09:00:00,29,27,92,偏北風,2,<= 1,33,多雲,02,80,80,2018-07-01
高雄市,岡山區,6401900,2018-07-03,12:00:00,31,29,89,西南風,3,2,37,午後短暫雷陣雨,36,60,80,2018-07-01
高雄市,岡山區,6401900,2018-07-03,15:00:00,31,29,88,西南風,2,2,35,午後短暫雷陣雨,36,60,80,2018-07-01
高雄市,岡山區,6401900,2018-07-03,18:00:00,29,27,90,東南風,2,<= 1,33,多雲,02,20,70,2018-07-01
高雄市,岡山區,6401900,2018-07-03,21:00:00,27,26,92,偏南風,4,3,31,多雲,02,20,70,2018-07-01
高雄市,岡山區,6401900,2018-07-04,00:00:00,27,26,93,東南風,3,2,29,多雲,02,70,70,2018-07-01
高雄市,岡山區,6401900,2018-07-04,03:00:00,26,25,94,東南風,2,2,29,短暫陣雨或雷雨,36,70,70,2018-07-01
高雄市,小港區,6401100,2018-07-01,06:00:00,26,25,90,西北風,2,2,30,短暫陣雨或雷雨,36,60,60,2018-07-01
高雄市,小港區,6401100,2018-07-01,09:00:00,29,27,87,偏西風,3,2,33,短暫陣雨或雷雨,36,60,60,2018-07-01
高雄市,小港區,6401100,2018-07-01,12:00:00,31,28,85,偏西風,5,3,36,短暫陣雨或雷雨,36,30,60,2018-07-01
高雄市,小港區,6401100,2018-07-01,15:00:00,31,28,85,偏西風,3,2,34,短暫陣雨或雷雨,36,30,60,2018-07-01
高雄市,小港區,6401100,2018-07-01,18:00:00,29,26,87,偏西風,1,<= 1,32,短暫陣雨或雷雨,36,30,70,2018-07-01
高雄市,小港區,6401100,2018-07-01,21:00:00,27,26,90,西南風,4,3,32,短暫陣雨或雷雨,36,30,70,2018-07-01
高雄市,小港區,6401100,2018-07-02,00:00:00,27,26,93,偏東風,3,2,29,短暫陣雨或雷雨,36,70,70,2018-07-01
高雄市,小港區,6401100,2018-07-02,03:00:00,26,25,94,偏東風,3,2,29,短暫陣雨或雷雨,36,70,70,2018-07-01
高雄市,小港區,6401100,2018-07-02,06:00:00,26,24,92,偏東風,2,2,28,短暫陣雨或雷雨,36,70,70,2018-07-01
高雄市,小港區,6401100,2018-07-02,09:00:00,28,27,90,偏東風,3,2,32,多雲,02,70,70,2018-07-01
高雄市,小港區,6401100,2018-07-02,12:00:00,30,27,85,偏東風,4,3,34,午後短暫雷陣雨,36,40,70,2018-07-01
高雄市,小港區,6401100,2018-07-02,15:00:00,30,28,87,東北風,3,2,34,午後短暫雷陣雨,36,40,70,2018-07-01
高雄市,小港區,6401100,2018-07-02,18:00:00,28,27,90,東北風,2,<= 1,32,多雲,02,20,70,2018-07-01
高雄市,小港區,6401100,2018-07-02,21:00:00,27,25,90,偏南風,2,<= 1,31,多雲,02,20,70,2018-07-01
高雄市,小港區,6401100,2018-07-03,00:00:00,27,25,91,偏南風,3,2,31,短暫陣雨或雷雨,36,70,70,2018-07-01
高雄市,小港區,6401100,2018-07-03,03:00:00,26,25,90,東南風,2,<= 1,29,短暫陣雨或雷雨,36,70,70,2018-07-01
高雄市,小港區,6401100,2018-07-03,06:00:00,26,24,91,偏東風,1,<= 1,29,短暫陣雨或雷雨,36,80,80,2018-07-01
高雄市,小港區,6401100,2018-07-03,09:00:00,29,27,92,西南風,3,2,34,多雲,02,80,80,2018-07-01
高雄市,小港區,6401100,2018-07-03,12:00:00,31,29,89,東北風,1,<= 1,35,午後短暫雷陣雨,36,60,80,2018-07-01
高雄市,小港區,6401100,2018-07-03,15:00:00,31,28,87,偏北風,1,<= 1,36,午後短暫雷陣雨,36,60,80,2018-07-01
高雄市,小港區,6401100,2018-07-03,18:00:00,29,26,87,偏東風,1,<= 1,33,多雲,02,20,70,2018-07-01
高雄市,小港區,6401100,2018-07-03,21:00:00,28,25,88,偏南風,3,2,32,多雲,02,20,70,2018-07-01
高雄市,小港區,6401100,2018-07-04,00:00:00,27,25,90,偏南風,2,<= 1,30,短暫陣雨或雷雨,36,70,70,2018-07-01
高雄市,小港區,6401100,2018-07-04,03:00:00,27,25,91,偏東風,1,<= 1,30,短暫陣雨或雷雨,36,70,70,2018-07-01
高雄市,旗山區,6403000,2018-07-01,06:00:00,25,24,95,西北風,1,<= 1,29,短暫陣雨或雷雨,36,30,60,2018-07-01
高雄市,旗山區,6403000,2018-07-01,09:00:00,29,27,88,西北風,6,4,34,短暫陣雨或雷雨,36,30,60,2018-07-01
高雄市,旗山區,6403000,2018-07-01,12:00:00,32,29,85,西北風,4,3,34,短暫陣雨或雷雨,36,60,60,2018-07-01
高雄市,旗山區,6403000,2018-07-01,15:00:00,31,29,88,偏西風,3,2,35,短暫陣雨或雷雨,36,60,60,2018-07-01
高雄市,旗山區,6403000,2018-07-01,18:00:00,28,27,92,偏東風,2,<= 1,32,短暫陣雨或雷雨,36,30,70,2018-07-01
高雄市,旗山區,6403000,2018-07-01,21:00:00,26,26,98,東南風,3,2,30,短暫陣雨或雷雨,36,30,70,2018-07-01
高雄市,旗山區,6403000,2018-07-02,00:00:00,25,25,99,東南風,2,2,28,短暫陣雨或雷雨,36,70,70,2018-07-01
高雄市,旗山區,6403000,2018-07-02,03:00:00,25,25,99,偏東風,2,<= 1,28,短暫陣雨或雷雨,36,70,70,2018-07-01
高雄市,旗山區,6403000,2018-07-02,06:00:00,24,23,94,偏東風,2,<= 1,27,短暫陣雨或雷雨,36,80,80,2018-07-01
高雄市,旗山區,6403000,2018-07-02,09:00:00,29,26,86,東南風,2,<= 1,33,多雲,02,80,80,2018-07-01
高雄市,旗山區,6403000,2018-07-02,12:00:00,31,28,84,東北風,3,2,36,午後短暫雷陣雨,36,60,80,2018-07-01
高雄市,旗山區,6403000,2018-07-02,15:00:00,31,28,85,偏南風,2,2,35,多雲,02,60,80,2018-07-01
高雄市,旗山區,6403000,2018-07-02,18:00:00,28,26,90,東南風,2,<= 1,32,多雲,02,20,50,2018-07-01
高雄市,旗山區,6403000,2018-07-02,21:00:00,26,26,98,西南風,2,2,30,多雲,02,20,50,2018-07-01
高雄市,旗山區,6403000,2018-07-03,00:00:00,25,25,99,偏南風,2,2,29,短暫陣雨或雷雨,36,50,50,2018-07-01
高雄市,旗山區,6403000,2018-07-03,03:00:00,25,25,99,偏南風,2,<= 1,28,短暫陣雨或雷雨,36,50,50,2018-07-01
高雄市,旗山區,6403000,2018-07-03,06:00:00,24,24,96,偏東風,2,2,28,短暫陣雨或雷雨,36,60,60,2018-07-01
高雄市,旗山區,6403000,2018-07-03,09:00:00,29,28,94,偏南風,4,3,34,多雲,02,60,60,2018-07-01
高雄市,旗山區,6403000,2018-07-03,12:00:00,32,30,91,偏南風,3,2,36,午後短暫雷陣雨,36,40,60,2018-07-01
高雄市,旗山區,6403000,2018-07-03,15:00:00,31,30,91,西南風,2,2,36,午後短暫雷陣雨,36,40,60,2018-07-01
高雄市,旗山區,6403000,2018-07-03,18:00:00,28,28,95,東南風,2,<= 1,33,多雲,02,10,20,2018-07-01
高雄市,旗山區,6403000,2018-07-03,21:00:00,27,26,98,偏南風,3,2,31,多雲,02,10,20,2018-07-01
高雄市,旗山區,6403000,2018-07-04,00:00:00,26,25,96,偏南風,2,<= 1,29,多雲,02,20,20,2018-07-01
高雄市,旗山區,6403000,2018-07-04,03:00:00,25,24,96,西南風,1,<= 1,28,多雲,02,20,20,2018-07-01
高雄市,前金區,6400700,2018-07-01,06:00:00,27,25,90,偏北風,3,2,31,短暫陣雨或雷雨,36,60,60,2018-07-01
高雄市,前金區,6400700,2018-07-01,09:00:00,29,27,86,偏西風,4,3,33,短暫陣雨或雷雨,36,60,60,2018-07-01
高雄市,前金區,6400700,2018-07-01,12:00:00,31,28,84,偏西風,5,3,34,短暫陣雨或雷雨,36,30,60,2018-07-01
高雄市,前金區,6400700,2018-07-01,15:00:00,31,28,85,偏西風,3,2,33,短暫陣雨或雷雨,36,30,60,2018-07-01
高雄市,前金區,6400700,2018-07-01,18:00:00,29,26,87,西南風,1,<= 1,33,短暫陣雨或雷雨,36,30,70,2018-07-01
高雄市,前金區,6400700,2018-07-01,21:00:00,28,26,90,西南風,3,2,32,短暫陣雨或雷雨,36,30,70,2018-07-01
高雄市,前金區,6400700,2018-07-02,00:00:00,27,26,92,東北風,2,2,30,短暫陣雨或雷雨,36,70,70,2018-07-01
高雄市,前金區,6400700,2018-07-02,03:00:00,27,25,93,偏東風,2,2,30,短暫陣雨或雷雨,36,70,70,2018-07-01
高雄市,前金區,6400700,2018-07-02,06:00:00,26,24,91,偏東風,3,2,29,短暫陣雨或雷雨,36,70,70,2018-07-01
高雄市,前金區,6400700,2018-07-02,09:00:00,28,26,90,偏東風,4,3,32,多雲,02,70,70,2018-07-01
高雄市,前金區,6400700,2018-07-02,12:00:00,30,27,85,東北風,3,2,33,午後短暫雷陣雨,36,40,70,2018-07-01
高雄市,前金區,6400700,2018-07-02,15:00:00,30,28,87,偏東風,4,3,34,午後短暫雷陣雨,36,40,70,2018-07-01
高雄市,前金區,6400700,2018-07-02,18:00:00,29,27,90,東北風,2,2,32,多雲,02,20,70,2018-07-01
高雄市,前金區,6400700,2018-07-02,21:00:00,27,26,90,偏南風,2,<= 1,31,多雲,02,20,70,2018-07-01
高雄市,前金區,6400700,2018-07-03,00:00:00,27,25,91,偏南風,3,2,31,短暫陣雨或雷雨,36,70,70,2018-07-01
高雄市,前金區,6400700,2018-07-03,03:00:00,27,25,91,東南風,2,2,30,短暫陣雨或雷雨,36,70,70,2018-07-01
高雄市,前金區,6400700,2018-07-03,06:00:00,26,25,92,偏東風,2,<= 1,29,短暫陣雨或雷雨,36,80,80,2018-07-01
高雄市,前金區,6400700,2018-07-03,09:00:00,29,27,92,偏南風,1,<= 1,33,多雲,02,80,80,2018-07-01
高雄市,前金區,6400700,2018-07-03,12:00:00,31,29,89,偏東風,1,<= 1,37,午後短暫雷陣雨,36,60,80,2018-07-01
高雄市,前金區,6400700,2018-07-03,15:00:00,31,28,86,東南風,2,<= 1,36,午後短暫雷陣雨,36,60,80,2018-07-01
高雄市,前金區,6400700,2018-07-03,18:00:00,29,27,87,偏東風,2,<= 1,33,多雲,02,20,70,2018-07-01
高雄市,前金區,6400700,2018-07-03,21:00:00,28,26,88,偏南風,4,3,32,多雲,02,20,70,2018-07-01
高雄市,前金區,6400700,2018-07-04,00:00:00,27,26,90,偏南風,2,2,30,多雲,02,70,70,2018-07-01
高雄市,前金區,6400700,2018-07-04,03:00:00,27,25,92,東南風,1,<= 1,30,短暫陣雨或雷雨,36,70,70,2018-07-01
高雄市,苓雅區,6400800,2018-07-01,06:00:00,27,25,90,西北風,3,2,31,短暫陣雨或雷雨,36,30,30,2018-07-01
高雄市,苓雅區,6400800,2018-07-01,09:00:00,29,27,86,偏西風,4,3,33,短暫陣雨或雷雨,36,30,30,2018-07-01
高雄市,苓雅區,6400800,2018-07-01,12:00:00,31,28,84,偏西風,4,3,35,短暫陣雨或雷雨,36,30,30,2018-07-01
高雄市,苓雅區,6400800,2018-07-01,15:00:00,31,28,85,偏西風,3,2,34,短暫陣雨或雷雨,36,30,30,2018-07-01
高雄市,苓雅區,6400800,2018-07-01,18:00:00,29,27,88,西南風,1,<= 1,33,短暫陣雨或雷雨,36,30,70,2018-07-01
高雄市,苓雅區,6400800,2018-07-01,21:00:00,28,26,91,西南風,4,3,32,短暫陣雨或雷雨,36,30,70,2018-07-01
高雄市,苓雅區,6400800,2018-07-02,00:00:00,27,26,93,東北風,2,<= 1,30,短暫陣雨或雷雨,36,70,70,2018-07-01
高雄市,苓雅區,6400800,2018-07-02,03:00:00,26,25,94,偏東風,2,2,30,短暫陣雨或雷雨,36,70,70,2018-07-01
高雄市,苓雅區,6400800,2018-07-02,06:00:00,26,24,92,偏東風,2,<= 1,29,短暫陣雨或雷雨,36,70,70,2018-07-01
高雄市,苓雅區,6400800,2018-07-02,09:00:00,28,27,90,偏東風,4,3,33,多雲,02,70,70,2018-07-01
高雄市,苓雅區,6400800,2018-07-02,12:00:00,30,28,85,東北風,3,2,34,午後短暫雷陣雨,36,40,70,2018-07-01
高雄市,苓雅區,6400800,2018-07-02,15:00:00,30,28,87,偏東風,3,2,34,午後短暫雷陣雨,36,40,70,2018-07-01
高雄市,苓雅區,6400800,2018-07-02,18:00:00,29,27,91,東北風,2,2,33,多雲,02,20,70,2018-07-01
高雄市,苓雅區,6400800,2018-07-02,21:00:00,28,26,91,東南風,2,<= 1,31,多雲,02,20,70,2018-07-01
高雄市,苓雅區,6400800,2018-07-03,00:00:00,27,26,91,偏南風,3,2,31,短暫陣雨或雷雨,36,70,70,2018-07-01
高雄市,苓雅區,6400800,2018-07-03,03:00:00,27,25,92,偏東風,2,2,30,短暫陣雨或雷雨,36,70,70,2018-07-01
高雄市,苓雅區,6400800,2018-07-03,06:00:00,26,25,93,偏東風,2,<= 1,29,短暫陣雨或雷雨,36,80,80,2018-07-01
高雄市,苓雅區,6400800,2018-07-03,09:00:00,29,27,92,偏西風,1,<= 1,33,多雲,02,80,80,2018-07-01
高雄市,苓雅區,6400800,2018-07-03,12:00:00,31,29,89,東北風,1,<= 1,37,午後短暫雷陣雨,36,60,80,2018-07-01
高雄市,苓雅區,6400800,2018-07-03,15:00:00,31,28,87,偏南風,1,<= 1,36,午後短暫雷陣雨,36,60,80,2018-07-01
高雄市,苓雅區,6400800,2018-07-03,18:00:00,29,27,88,偏東風,1,<= 1,34,多雲,02,20,70,2018-07-01
高雄市,苓雅區,6400800,2018-07-03,21:00:00,28,26,89,偏南風,4,3,32,多雲,02,20,70,2018-07-01
高雄市,苓雅區,6400800,2018-07-04,00:00:00,27,26,92,偏南風,2,<= 1,30,多雲,02,70,70,2018-07-01
高雄市,苓雅區,6400800,2018-07-04,03:00:00,27,26,93,偏東風,1,<= 1,31,短暫陣雨或雷雨,36,70,70,2018-07-01
高雄市,新興區,6400600,2018-07-01,06:00:00,27,25,90,西北風,3,2,31,短暫陣雨或雷雨,36,30,30,2018-07-01
高雄市,新興區,6400600,2018-07-01,09:00:00,29,27,86,偏西風,4,3,33,短暫陣雨或雷雨,36,30,30,2018-07-01
高雄市,新興區,6400600,2018-07-01,12:00:00,31,28,84,偏西風,4,3,35,短暫陣雨或雷雨,36,30,30,2018-07-01
高雄市,新興區,6400600,2018-07-01,15:00:00,31,28,85,偏西風,3,2,34,短暫陣雨或雷雨,36,30,30,2018-07-01
高雄市,新興區,6400600,2018-07-01,18:00:00,29,27,88,西南風,1,<= 1,33,短暫陣雨或雷雨,36,30,70,2018-07-01
高雄市,新興區,6400600,2018-07-01,21:00:00,28,26,91,西南風,4,3,32,短暫陣雨或雷雨,36,30,70,2018-07-01
高雄市,新興區,6400600,2018-07-02,00:00:00,27,26,93,東北風,2,<= 1,30,短暫陣雨或雷雨,36,70,70,2018-07-01
高雄市,新興區,6400600,2018-07-02,03:00:00,26,25,94,偏東風,2,2,30,短暫陣雨或雷雨,36,70,70,2018-07-01
高雄市,新興區,6400600,2018-07-02,06:00:00,26,24,92,偏東風,2,<= 1,29,短暫陣雨或雷雨,36,70,70,2018-07-01
高雄市,新興區,6400600,2018-07-02,09:00:00,28,27,90,偏東風,4,3,33,多雲,02,70,70,2018-07-01
高雄市,新興區,6400600,2018-07-02,12:00:00,30,28,85,東北風,3,2,34,午後短暫雷陣雨,36,40,70,2018-07-01
高雄市,新興區,6400600,2018-07-02,15:00:00,30,28,87,偏東風,3,2,34,午後短暫雷陣雨,36,40,70,2018-07-01
高雄市,新興區,6400600,2018-07-02,18:00:00,29,27,91,東北風,2,2,33,多雲,02,20,70,2018-07-01
高雄市,新興區,6400600,2018-07-02,21:00:00,28,26,91,東南風,2,<= 1,31,多雲,02,20,70,2018-07-01
高雄市,新興區,6400600,2018-07-03,00:00:00,27,26,91,偏南風,3,2,31,短暫陣雨或雷雨,36,70,70,2018-07-01
高雄市,新興區,6400600,2018-07-03,03:00:00,27,25,92,偏東風,2,2,30,短暫陣雨或雷雨,36,70,70,2018-07-01
高雄市,新興區,6400600,2018-07-03,06:00:00,26,25,93,偏東風,2,<= 1,29,短暫陣雨或雷雨,36,80,80,2018-07-01
高雄市,新興區,6400600,2018-07-03,09:00:00,29,27,92,偏西風,1,<= 1,33,多雲,02,80,80,2018-07-01
高雄市,新興區,6400600,2018-07-03,12:00:00,31,29,89,東北風,1,<= 1,37,午後短暫雷陣雨,36,60,80,2018-07-01
高雄市,新興區,6400600,2018-07-03,15:00:00,31,28,87,偏南風,1,<= 1,36,午後短暫雷陣雨,36,60,80,2018-07-01
高雄市,新興區,6400600,2018-07-03,18:00:00,29,27,88,偏東風,1,<= 1,34,多雲,02,20,70,2018-07-01
高雄市,新興區,6400600,2018-07-03,21:00:00,28,26,89,偏南風,4,3,32,多雲,02,20,70,2018-07-01
高雄市,新興區,6400600,2018-07-04,00:00:00,27,26,92,偏南風,2,<= 1,30,多雲,02,70,70,2018-07-01
高雄市,新興區,6400600,2018-07-04,03:00:00,27,26,93,偏東風,1,<= 1,31,短暫陣雨或雷雨,36,70,70,2018-07-01
高雄市,鳥松區,6401800,2018-07-01,06:00:00,25,24,92,西北風,2,<= 1,29,短暫陣雨或雷雨,36,30,30,2018-07-01
高雄市,鳥松區,6401800,2018-07-01,09:00:00,29,26,86,偏西風,4,3,33,短暫陣雨或雷雨,36,30,30,2018-07-01
高雄市,鳥松區,6401800,2018-07-01,12:00:00,31,28,83,偏西風,4,3,35,短暫陣雨或雷雨,36,30,30,2018-07-01
高雄市,鳥松區,6401800,2018-07-01,15:00:00,31,28,84,偏西風,3,2,35,短暫陣雨或雷雨,36,30,30,2018-07-01
高雄市,鳥松區,6401800,2018-07-01,18:00:00,29,27,88,偏北風,1,<= 1,33,短暫陣雨或雷雨,36,30,70,2018-07-01
高雄市,鳥松區,6401800,2018-07-01,21:00:00,27,26,94,西南風,3,2,32,短暫陣雨或雷雨,36,30,70,2018-07-01
高雄市,鳥松區,6401800,2018-07-02,00:00:00,27,26,96,東北風,2,<= 1,30,短暫陣雨或雷雨,36,70,70,2018-07-01
高雄市,鳥松區,6401800,2018-07-02,03:00:00,26,25,96,偏東風,2,2,30,短暫陣雨或雷雨,36,70,70,2018-07-01
高雄市,鳥松區,6401800,2018-07-02,06:00:00,25,24,95,東北風,2,<= 1,28,短暫陣雨或雷雨,36,70,70,2018-07-01
高雄市,鳥松區,6401800,2018-07-02,09:00:00,28,27,91,偏東風,4,3,33,多雲,02,70,70,2018-07-01
高雄市,鳥松區,6401800,2018-07-02,12:00:00,31,28,86,東北風,3,2,35,午後短暫雷陣雨,36,50,70,2018-07-01
高雄市,鳥松區,6401800,2018-07-02,15:00:00,31,29,88,偏東風,3,2,35,午後短暫雷陣雨,36,50,70,2018-07-01
高雄市,鳥松區,6401800,2018-07-02,18:00:00,29,27,91,東北風,3,2,33,多雲,02,20,70,2018-07-01
高雄市,鳥松區,6401800,2018-07-02,21:00:00,27,26,94,東南風,1,<= 1,31,多雲,02,20,70,2018-07-01
高雄市,鳥松區,6401800,2018-07-03,00:00:00,27,26,96,東南風,2,<= 1,31,短暫陣雨或雷雨,36,70,70,2018-07-01
高雄市,鳥松區,6401800,2018-07-03,03:00:00,26,25,95,偏東風,2,2,30,短暫陣雨或雷雨,36,70,70,2018-07-01
高雄市,鳥松區,6401800,2018-07-03,06:00:00,25,24,93,偏東風,2,<= 1,28,短暫陣雨或雷雨,36,80,80,2018-07-01
高雄市,鳥松區,6401800,2018-07-03,09:00:00,29,28,93,西南風,2,<= 1,34,多雲,02,80,80,2018-07-01
高雄市,鳥松區,6401800,2018-07-03,12:00:00,32,30,90,偏東風,2,<= 1,37,午後短暫雷陣雨,36,60,80,2018-07-01
高雄市,鳥松區,6401800,2018-07-03,15:00:00,32,29,88,西北風,1,<= 1,37,午後短暫雷陣雨,36,60,80,2018-07-01
高雄市,鳥松區,6401800,2018-07-03,18:00:00,29,28,90,偏東風,1,<= 1,35,多雲,02,20,70,2018-07-01
高雄市,鳥松區,6401800,2018-07-03,21:00:00,28,26,93,東南風,3,2,32,多雲,02,20,70,2018-07-01
高雄市,鳥松區,6401800,2018-07-04,00:00:00,27,26,94,東南風,2,<= 1,30,多雲,02,70,70,2018-07-01
高雄市,鳥松區,6401800,2018-07-04,03:00:00,26,25,95,偏東風,1,<= 1,30,短暫陣雨或雷雨,36,70,70,2018-07-01
高雄市,那瑪夏區,6403800,2018-07-01,06:00:00,20,17,83,偏西風,1,<= 1,22,多雲,02,30,70,2018-07-01
高雄市,那瑪夏區,6403800,2018-07-01,09:00:00,25,22,84,西北風,2,2,28,短暫陣雨或雷雨,36,30,70,2018-07-01
高雄市,那瑪夏區,6403800,2018-07-01,12:00:00,28,25,88,偏西風,2,2,31,短暫陣雨或雷雨,36,70,70,2018-07-01
高雄市,那瑪夏區,6403800,2018-07-01,15:00:00,26,24,90,東南風,1,<= 1,29,短暫陣雨或雷雨,36,70,70,2018-07-01
高雄市,那瑪夏區,6403800,2018-07-01,18:00:00,23,22,90,偏東風,2,2,26,短暫陣雨或雷雨,36,30,30,2018-07-01
高雄市,那瑪夏區,6403800,2018-07-01,21:00:00,22,20,91,偏南風,1,<= 1,23,短暫陣雨或雷雨,36,30,30,2018-07-01
高雄市,那瑪夏區,6403800,2018-07-02,00:00:00,21,20,93,偏東風,1,<= 1,24,短暫陣雨或雷雨,36,30,30,2018-07-01
高雄市,那瑪夏區,6403800,2018-07-02,03:00:00,21,19,90,偏東風,2,2,23,短暫陣雨或雷雨,36,30,30,2018-07-01
高雄市,那瑪夏區,6403800,2018-07-02,06:00:00,20,19,90,東北風,1,<= 1,21,多雲,02,20,50,2018-07-01
高雄市,那瑪夏區,6403800,2018-07-02,09:00:00,25,23,91,西南風,3,2,28,晴,01,20,50,2018-07-01
高雄市,那瑪夏區,6403800,2018-07-02,12:00:00,27,25,88,東南風,1,<= 1,30,午後短暫雷陣雨,36,50,50,2018-07-01
高雄市,那瑪夏區,6403800,2018-07-02,15:00:00,25,23,86,西南風,1,<= 1,29,午後短暫雷陣雨,36,50,50,2018-07-01
高雄市,那瑪夏區,6403800,2018-07-02,18:00:00,23,21,89,偏東風,2,<= 1,25,多雲,02,20,20,2018-07-01
高雄市,那瑪夏區,6403800,2018-07-02,21:00:00,22,19,87,偏東風,1,<= 1,23,多雲,02,20,20,2018-07-01
高雄市,那瑪夏區,6403800,2018-07-03,00:00:00,21,19,85,偏東風,1,<= 1,23,多雲,02,0,20,2018-07-01
高雄市,那瑪夏區,6403800,2018-07-03,03:00:00,21,19,89,偏東風,1,<= 1,22,多雲,02,0,20,2018-07-01
高雄市,那瑪夏區,6403800,2018-07-03,06:00:00,20,18,89,偏西風,2,<= 1,22,多雲,02,20,20,2018-07-01
高雄市,那瑪夏區,6403800,2018-07-03,09:00:00,26,23,85,西南風,3,2,29,多雲,02,20,20,2018-07-01
高雄市,那瑪夏區,6403800,2018-07-03,12:00:00,28,26,89,西南風,2,2,32,多雲,02,20,20,2018-07-01
高雄市,那瑪夏區,6403800,2018-07-03,15:00:00,27,25,91,偏南風,1,<= 1,30,多雲,02,20,20,2018-07-01
高雄市,那瑪夏區,6403800,2018-07-03,18:00:00,24,22,89,偏東風,2,<= 1,26,多雲,02,0,10,2018-07-01
高雄市,那瑪夏區,6403800,2018-07-03,21:00:00,22,19,85,偏東風,1,<= 1,24,晴,01,0,10,2018-07-01
高雄市,那瑪夏區,6403800,2018-07-04,00:00:00,21,18,81,偏東風,1,<= 1,23,晴,01,10,10,2018-07-01
高雄市,那瑪夏區,6403800,2018-07-04,03:00:00,21,17,80,偏東風,1,<= 1,22,多雲,02,10,10,2018-07-01
高雄市,永安區,6402700,2018-07-01,06:00:00,26,24,91,偏西風,2,2,29,短暫陣雨或雷雨,36,30,30,2018-07-01
高雄市,永安區,6402700,2018-07-01,09:00:00,29,26,86,偏南風,2,<= 1,32,短暫陣雨或雷雨,36,30,30,2018-07-01
高雄市,永安區,6402700,2018-07-01,12:00:00,30,27,84,西南風,7,4,35,短暫陣雨或雷雨,36,30,30,2018-07-01
高雄市,永安區,6402700,2018-07-01,15:00:00,30,27,83,偏西風,4,3,31,短暫陣雨或雷雨,36,30,30,2018-07-01
高雄市,永安區,6402700,2018-07-01,18:00:00,28,25,84,偏南風,0,<= 1,30,短暫陣雨或雷雨,36,30,70,2018-07-01
高雄市,永安區,6402700,2018-07-01,21:00:00,27,25,89,偏南風,8,5,31,短暫陣雨或雷雨,36,30,70,2018-07-01
高雄市,永安區,6402700,2018-07-02,00:00:00,26,25,92,偏東風,6,4,26,短暫陣雨或雷雨,36,70,70,2018-07-01
高雄市,永安區,6402700,2018-07-02,03:00:00,26,24,92,偏東風,5,3,27,短暫陣雨或雷雨,36,70,70,2018-07-01
高雄市,永安區,6402700,2018-07-02,06:00:00,25,24,91,偏東風,5,3,26,短暫陣雨或雷雨,36,80,80,2018-07-01
高雄市,永安區,6402700,2018-07-02,09:00:00,28,26,90,東南風,3,2,30,多雲,02,80,80,2018-07-01
高雄市,永安區,6402700,2018-07-02,12:00:00,30,28,88,東北風,7,4,34,午後短暫雷陣雨,36,40,80,2018-07-01
高雄市,永安區,6402700,2018-07-02,15:00:00,30,27,86,偏東風,6,4,31,午後短暫雷陣雨,36,40,80,2018-07-01
高雄市,永安區,6402700,2018-07-02,18:00:00,28,26,90,東南風,4,3,30,多雲,02,20,70,2018-07-01
高雄市,永安區,6402700,2018-07-02,21:00:00,27,25,89,東南風,3,2,29,多雲,02,20,70,2018-07-01
高雄市,永安區,6402700,2018-07-03,00:00:00,26,25,91,偏南風,3,2,29,短暫陣雨或雷雨,36,70,70,2018-07-01
高雄市,永安區,6402700,2018-07-03,03:00:00,26,24,91,東南風,3,2,28,短暫陣雨或雷雨,36,70,70,2018-07-01
高雄市,永安區,6402700,2018-07-03,06:00:00,25,24,91,東南風,3,2,28,短暫陣雨或雷雨,36,80,80,2018-07-01
高雄市,永安區,6402700,2018-07-03,09:00:00,28,27,90,偏北風,4,3,32,多雲,02,80,80,2018-07-01
高雄市,永安區,6402700,2018-07-03,12:00:00,30,28,88,偏南風,3,2,34,午後短暫雷陣雨,36,50,80,2018-07-01
高雄市,永安區,6402700,2018-07-03,15:00:00,30,28,87,東南風,5,3,34,午後短暫雷陣雨,36,50,80,2018-07-01
高雄市,永安區,6402700,2018-07-03,18:00:00,28,26,88,東南風,3,2,30,多雲,02,20,70,2018-07-01
高雄市,永安區,6402700,2018-07-03,21:00:00,27,25,90,偏南風,5,3,30,多雲,02,20,70,2018-07-01
高雄市,永安區,6402700,2018-07-04,00:00:00,26,25,92,偏南風,4,3,28,多雲,02,70,70,2018-07-01
高雄市,永安區,6402700,2018-07-04,03:00:00,26,25,93,東南風,3,2,28,短暫陣雨或雷雨,36,70,70,2018-07-01
高雄市,楠梓區,6400400,2018-07-01,06:00:00,26,25,92,西南風,1,<= 1,30,短暫陣雨或雷雨,36,30,30,2018-07-01
高雄市,楠梓區,6400400,2018-07-01,09:00:00,29,26,85,偏西風,4,3,34,短暫陣雨或雷雨,36,30,30,2018-07-01
高雄市,楠梓區,6400400,2018-07-01,12:00:00,31,28,83,偏西風,4,3,34,短暫陣雨或雷雨,36,30,30,2018-07-01
高雄市,楠梓區,6400400,2018-07-01,15:00:00,31,28,83,偏西風,3,2,34,短暫陣雨或雷雨,36,30,30,2018-07-01
高雄市,楠梓區,6400400,2018-07-01,18:00:00,29,27,88,西南風,0,<= 1,33,短暫陣雨或雷雨,36,30,70,2018-07-01
高雄市,楠梓區,6400400,2018-07-01,21:00:00,28,26,94,西南風,4,3,33,短暫陣雨或雷雨,36,30,70,2018-07-01
高雄市,楠梓區,6400400,2018-07-02,00:00:00,27,26,96,東北風,2,2,30,短暫陣雨或雷雨,36,70,70,2018-07-01
高雄市,楠梓區,6400400,2018-07-02,03:00:00,26,26,96,東北風,2,<= 1,30,短暫陣雨或雷雨,36,70,70,2018-07-01
高雄市,楠梓區,6400400,2018-07-02,06:00:00,26,25,94,偏東風,2,2,29,短暫陣雨或雷雨,36,80,80,2018-07-01
高雄市,楠梓區,6400400,2018-07-02,09:00:00,28,27,91,偏東風,4,3,33,多雲,02,80,80,2018-07-01
高雄市,楠梓區,6400400,2018-07-02,12:00:00,30,28,86,東北風,4,3,34,午後短暫雷陣雨,36,40,80,2018-07-01
高雄市,楠梓區,6400400,2018-07-02,15:00:00,30,28,88,偏東風,3,2,34,午後短暫雷陣雨,36,40,80,2018-07-01
高雄市,楠梓區,6400400,2018-07-02,18:00:00,29,27,92,東南風,1,<= 1,32,多雲,02,20,70,2018-07-01
高雄市,楠梓區,6400400,2018-07-02,21:00:00,27,26,93,東南風,2,<= 1,32,多雲,02,20,70,2018-07-01
高雄市,楠梓區,6400400,2018-07-03,00:00:00,27,26,96,東南風,2,2,31,短暫陣雨或雷雨,36,70,70,2018-07-01
高雄市,楠梓區,6400400,2018-07-03,03:00:00,26,26,95,偏東風,3,2,30,短暫陣雨或雷雨,36,70,70,2018-07-01
高雄市,楠梓區,6400400,2018-07-03,06:00:00,26,25,94,東南風,2,<= 1,29,短暫陣雨或雷雨,36,80,80,2018-07-01
高雄市,楠梓區,6400400,2018-07-03,09:00:00,29,28,93,偏西風,2,<= 1,34,多雲,02,80,80,2018-07-01
高雄市,楠梓區,6400400,2018-07-03,12:00:00,31,29,89,偏南風,1,<= 1,37,午後短暫雷陣雨,36,60,80,2018-07-01
高雄市,楠梓區,6400400,2018-07-03,15:00:00,31,29,88,東北風,1,<= 1,37,午後短暫雷陣雨,36,60,80,2018-07-01
高雄市,楠梓區,6400400,2018-07-03,18:00:00,29,27,90,東南風,2,<= 1,34,多雲,02,20,70,2018-07-01
高雄市,楠梓區,6400400,2018-07-03,21:00:00,28,26,93,東南風,4,3,32,多雲,02,20,70,2018-07-01
高雄市,楠梓區,6400400,2018-07-04,00:00:00,27,26,94,東南風,2,2,30,多雲,02,70,70,2018-07-01
高雄市,楠梓區,6400400,2018-07-04,03:00:00,27,26,95,東南風,2,<= 1,30,短暫陣雨或雷雨,36,70,70,2018-07-01
高雄市,三民區,6400500,2018-07-01,06:00:00,27,25,90,西北風,2,<= 1,31,短暫陣雨或雷雨,36,30,30,2018-07-01
高雄市,三民區,6400500,2018-07-01,09:00:00,29,27,86,偏西風,4,3,33,短暫陣雨或雷雨,36,30,30,2018-07-01
高雄市,三民區,6400500,2018-07-01,12:00:00,31,28,84,偏西風,5,3,34,短暫陣雨或雷雨,36,30,30,2018-07-01
高雄市,三民區,6400500,2018-07-01,15:00:00,31,28,84,偏西風,3,2,33,短暫陣雨或雷雨,36,30,30,2018-07-01
高雄市,三民區,6400500,2018-07-01,18:00:00,29,27,87,西南風,0,<= 1,33,短暫陣雨或雷雨,36,30,70,2018-07-01
高雄市,三民區,6400500,2018-07-01,21:00:00,28,26,91,西南風,3,2,33,短暫陣雨或雷雨,36,30,70,2018-07-01
高雄市,三民區,6400500,2018-07-02,00:00:00,27,26,93,東北風,2,<= 1,31,短暫陣雨或雷雨,36,70,70,2018-07-01
高雄市,三民區,6400500,2018-07-02,03:00:00,27,26,94,偏東風,2,2,31,短暫陣雨或雷雨,36,70,70,2018-07-01
高雄市,三民區,6400500,2018-07-02,06:00:00,26,25,92,偏東風,2,2,30,短暫陣雨或雷雨,36,70,70,2018-07-01
高雄市,三民區,6400500,2018-07-02,09:00:00,28,27,90,偏東風,4,3,33,多雲,02,70,70,2018-07-01
高雄市,三民區,6400500,2018-07-02,12:00:00,30,27,85,東北風,3,2,34,午後短暫雷陣雨,36,40,70,2018-07-01
高雄市,三民區,6400500,2018-07-02,15:00:00,30,28,88,偏東風,4,3,34,午後短暫雷陣雨,36,40,70,2018-07-01
高雄市,三民區,6400500,2018-07-02,18:00:00,29,27,91,東北風,2,<= 1,32,多雲,02,20,70,2018-07-01
高雄市,三民區,6400500,2018-07-02,21:00:00,28,26,90,東南風,2,<= 1,32,多雲,02,20,70,2018-07-01
高雄市,三民區,6400500,2018-07-03,00:00:00,27,26,92,偏南風,3,2,31,短暫陣雨或雷雨,36,70,70,2018-07-01
高雄市,三民區,6400500,2018-07-03,03:00:00,27,25,92,東南風,3,2,30,短暫陣雨或雷雨,36,70,70,2018-07-01
高雄市,三民區,6400500,2018-07-03,06:00:00,26,25,92,偏東風,2,<= 1,29,短暫陣雨或雷雨,36,80,80,2018-07-01
高雄市,三民區,6400500,2018-07-03,09:00:00,29,27,92,偏南風,2,<= 1,33,多雲,02,80,80,2018-07-01
高雄市,三民區,6400500,2018-07-03,12:00:00,31,28,89,偏東風,1,<= 1,36,午後短暫雷陣雨,36,60,80,2018-07-01
高雄市,三民區,6400500,2018-07-03,15:00:00,30,28,87,東南風,2,<= 1,36,午後短暫雷陣雨,36,60,80,2018-07-01
高雄市,三民區,6400500,2018-07-03,18:00:00,29,27,88,東南風,2,<= 1,33,多雲,02,20,70,2018-07-01
高雄市,三民區,6400500,2018-07-03,21:00:00,28,26,89,偏南風,4,3,32,多雲,02,20,70,2018-07-01
高雄市,三民區,6400500,2018-07-04,00:00:00,28,26,91,偏南風,2,2,30,多雲,02,70,70,2018-07-01
高雄市,三民區,6400500,2018-07-04,03:00:00,27,26,93,東南風,1,<= 1,31,短暫陣雨或雷雨,36,70,70,2018-07-01
高雄市,橋頭區,6402000,2018-07-01,06:00:00,26,25,92,西南風,1,<= 1,30,短暫陣雨或雷雨,36,30,30,2018-07-01
高雄市,橋頭區,6402000,2018-07-01,09:00:00,29,27,85,偏西風,4,3,35,短暫陣雨或雷雨,36,30,30,2018-07-01
高雄市,橋頭區,6402000,2018-07-01,12:00:00,32,29,83,偏西風,4,3,36,短暫陣雨或雷雨,36,30,30,2018-07-01
高雄市,橋頭區,6402000,2018-07-01,15:00:00,32,29,84,偏西風,3,2,36,短暫陣雨或雷雨,36,30,30,2018-07-01
高雄市,橋頭區,6402000,2018-07-01,18:00:00,30,28,89,偏東風,1,<= 1,34,短暫陣雨或雷雨,36,30,70,2018-07-01
高雄市,橋頭區,6402000,2018-07-01,21:00:00,28,27,94,西南風,3,2,32,短暫陣雨或雷雨,36,30,70,2018-07-01
高雄市,橋頭區,6402000,2018-07-02,00:00:00,27,26,96,偏北風,1,<= 1,30,短暫陣雨或雷雨,36,70,70,2018-07-01
高雄市,橋頭區,6402000,2018-07-02,03:00:00,26,26,96,東北風,3,2,31,短暫陣雨或雷雨,36,70,70,2018-07-01
高雄市,橋頭區,6402000,2018-07-02,06:00:00,26,25,94,東南風,3,2,28,短暫陣雨或雷雨,36,80,80,2018-07-01
高雄市,橋頭區,6402000,2018-07-02,09:00:00,29,27,90,偏東風,3,2,32,多雲,02,80,80,2018-07-01
高雄市,橋頭區,6402000,2018-07-02,12:00:00,31,28,86,東北風,5,3,36,午後短暫雷陣雨,36,40,80,2018-07-01
高雄市,橋頭區,6402000,2018-07-02,15:00:00,31,29,87,偏東風,3,2,34,午後短暫雷陣雨,36,40,80,2018-07-01
高雄市,橋頭區,6402000,2018-07-02,18:00:00,29,28,92,偏東風,2,<= 1,33,多雲,02,20,70,2018-07-01
高雄市,橋頭區,6402000,2018-07-02,21:00:00,27,26,93,東南風,2,2,32,多雲,02,20,70,2018-07-01
高雄市,橋頭區,6402000,2018-07-03,00:00:00,27,26,96,東南風,3,2,31,短暫陣雨或雷雨,36,70,70,2018-07-01
高雄市,橋頭區,6402000,2018-07-03,03:00:00,26,25,95,偏東風,3,2,29,短暫陣雨或雷雨,36,70,70,2018-07-01
高雄市,橋頭區,6402000,2018-07-03,06:00:00,26,25,94,東南風,3,2,28,短暫陣雨或雷雨,36,80,80,2018-07-01
高雄市,橋頭區,6402000,2018-07-03,09:00:00,29,28,92,東北風,2,2,34,多雲,02,80,80,2018-07-01
高雄市,橋頭區,6402000,2018-07-03,12:00:00,32,30,89,偏南風,4,3,38,午後短暫雷陣雨,36,50,80,2018-07-01
高雄市,橋頭區,6402000,2018-07-03,15:00:00,32,30,89,西北風,2,2,36,午後短暫雷陣雨,36,50,80,2018-07-01
高雄市,橋頭區,6402000,2018-07-03,18:00:00,30,28,91,東南風,1,<= 1,34,多雲,02,20,70,2018-07-01
高雄市,橋頭區,6402000,2018-07-03,21:00:00,28,27,93,偏南風,4,3,33,多雲,02,20,70,2018-07-01
高雄市,橋頭區,6402000,2018-07-04,00:00:00,27,26,94,東南風,3,2,30,多雲,02,70,70,2018-07-01
高雄市,橋頭區,6402000,2018-07-04,03:00:00,27,26,95,東南風,2,2,30,短暫陣雨或雷雨,36,70,70,2018-07-01
高雄市,彌陀區,6402800,2018-07-01,06:00:00,26,24,90,偏西風,2,2,29,短暫陣雨或雷雨,36,30,30,2018-07-01
高雄市,彌陀區,6402800,2018-07-01,09:00:00,28,26,86,西北風,2,<= 1,32,短暫陣雨或雷雨,36,30,30,2018-07-01
高雄市,彌陀區,6402800,2018-07-01,12:00:00,30,27,84,西南風,6,4,34,短暫陣雨或雷雨,36,30,30,2018-07-01
高雄市,彌陀區,6402800,2018-07-01,15:00:00,30,27,83,偏西風,4,3,31,短暫陣雨或雷雨,36,30,30,2018-07-01
高雄市,彌陀區,6402800,2018-07-01,18:00:00,28,25,86,東南風,1,<= 1,31,短暫陣雨或雷雨,36,30,70,2018-07-01
高雄市,彌陀區,6402800,2018-07-01,21:00:00,27,25,90,西南風,7,4,31,短暫陣雨或雷雨,36,30,70,2018-07-01
高雄市,彌陀區,6402800,2018-07-02,00:00:00,26,25,93,偏東風,4,3,26,短暫陣雨或雷雨,36,70,70,2018-07-01
高雄市,彌陀區,6402800,2018-07-02,03:00:00,26,24,93,偏東風,5,3,27,短暫陣雨或雷雨,36,70,70,2018-07-01
高雄市,彌陀區,6402800,2018-07-02,06:00:00,25,24,91,偏東風,4,3,26,短暫陣雨或雷雨,36,70,70,2018-07-01
高雄市,彌陀區,6402800,2018-07-02,09:00:00,28,26,90,東南風,5,3,31,多雲,02,70,70,2018-07-01
高雄市,彌陀區,6402800,2018-07-02,12:00:00,30,27,87,東北風,6,4,32,午後短暫雷陣雨,36,40,70,2018-07-01
高雄市,彌陀區,6402800,2018-07-02,15:00:00,30,27,86,偏東風,5,3,31,午後短暫雷陣雨,36,40,70,2018-07-01
高雄市,彌陀區,6402800,2018-07-02,18:00:00,28,26,90,偏東風,2,2,30,多雲,02,20,70,2018-07-01
高雄市,彌陀區,6402800,2018-07-02,21:00:00,27,25,90,東南風,3,2,30,多雲,02,20,70,2018-07-01
高雄市,彌陀區,6402800,2018-07-03,00:00:00,26,25,92,偏南風,3,2,29,短暫陣雨或雷雨,36,70,70,2018-07-01
高雄市,彌陀區,6402800,2018-07-03,03:00:00,26,24,92,東南風,3,2,28,短暫陣雨或雷雨,36,70,70,2018-07-01
高雄市,彌陀區,6402800,2018-07-03,06:00:00,25,24,92,東南風,3,2,27,短暫陣雨或雷雨,36,80,80,2018-07-01
高雄市,彌陀區,6402800,2018-07-03,09:00:00,28,26,91,偏北風,4,3,31,多雲,02,80,80,2018-07-01
高雄市,彌陀區,6402800,2018-07-03,12:00:00,30,28,88,偏南風,5,3,33,午後短暫雷陣雨,36,50,80,2018-07-01
高雄市,彌陀區,6402800,2018-07-03,15:00:00,30,27,87,東南風,3,2,32,午後短暫雷陣雨,36,50,80,2018-07-01
高雄市,彌陀區,6402800,2018-07-03,18:00:00,28,26,88,東南風,2,2,31,多雲,02,20,70,2018-07-01
高雄市,彌陀區,6402800,2018-07-03,21:00:00,27,25,90,偏南風,5,3,30,多雲,02,20,70,2018-07-01
高雄市,彌陀區,6402800,2018-07-04,00:00:00,26,25,92,偏南風,3,2,28,多雲,02,70,70,2018-07-01
高雄市,彌陀區,6402800,2018-07-04,03:00:00,26,24,93,東南風,2,2,28,短暫陣雨或雷雨,36,70,70,2018-07-01
高雄市,林園區,6401300,2018-07-01,06:00:00,26,25,91,西北風,2,2,30,短暫陣雨或雷雨,36,60,60,2018-07-01
高雄市,林園區,6401300,2018-07-01,09:00:00,30,27,87,西北風,4,3,34,短暫陣雨或雷雨,36,60,60,2018-07-01
高雄市,林園區,6401300,2018-07-01,12:00:00,32,29,84,偏西風,5,3,35,短暫陣雨或雷雨,36,30,60,2018-07-01
高雄市,林園區,6401300,2018-07-01,15:00:00,31,29,84,偏西風,4,3,34,短暫陣雨或雷雨,36,30,60,2018-07-01
高雄市,林園區,6401300,2018-07-01,18:00:00,29,27,87,西北風,1,<= 1,32,短暫陣雨或雷雨,36,30,70,2018-07-01
高雄市,林園區,6401300,2018-07-01,21:00:00,28,26,91,偏西風,2,2,32,短暫陣雨或雷雨,36,30,70,2018-07-01
高雄市,林園區,6401300,2018-07-02,00:00:00,27,26,93,東北風,3,2,31,短暫陣雨或雷雨,36,70,70,2018-07-01
高雄市,林園區,6401300,2018-07-02,03:00:00,26,25,95,東北風,4,3,29,短暫陣雨或雷雨,36,70,70,2018-07-01
高雄市,林園區,6401300,2018-07-02,06:00:00,26,24,93,偏東風,2,2,28,短暫陣雨或雷雨,36,70,70,2018-07-01
高雄市,林園區,6401300,2018-07-02,09:00:00,29,27,91,偏東風,2,2,33,多雲,02,70,70,2018-07-01
高雄市,林園區,6401300,2018-07-02,12:00:00,31,28,86,東北風,5,3,35,午後短暫雷陣雨,36,40,70,2018-07-01
高雄市,林園區,6401300,2018-07-02,15:00:00,31,28,85,東北風,4,3,34,午後短暫雷陣雨,36,40,70,2018-07-01
高雄市,林園區,6401300,2018-07-02,18:00:00,29,27,89,偏東風,3,2,32,多雲,02,20,70,2018-07-01
高雄市,林園區,6401300,2018-07-02,21:00:00,27,26,89,偏南風,1,<= 1,31,多雲,02,20,70,2018-07-01
高雄市,林園區,6401300,2018-07-03,00:00:00,27,25,91,西南風,2,2,31,短暫陣雨或雷雨,36,70,70,2018-07-01
高雄市,林園區,6401300,2018-07-03,03:00:00,26,25,91,偏東風,2,2,30,短暫陣雨或雷雨,36,70,70,2018-07-01
高雄市,林園區,6401300,2018-07-03,06:00:00,26,24,91,偏東風,3,2,29,短暫陣雨或雷雨,36,60,60,2018-07-01
高雄市,林園區,6401300,2018-07-03,09:00:00,29,28,91,西南風,2,2,33,多雲,02,60,60,2018-07-01
高雄市,林園區,6401300,2018-07-03,12:00:00,31,29,89,東南風,3,2,37,午後短暫雷陣雨,36,50,60,2018-07-01
高雄市,林園區,6401300,2018-07-03,15:00:00,31,29,87,偏北風,3,2,36,午後短暫雷陣雨,36,50,60,2018-07-01
高雄市,林園區,6401300,2018-07-03,18:00:00,29,27,86,偏東風,1,<= 1,33,多雲,02,20,70,2018-07-01
高雄市,林園區,6401300,2018-07-03,21:00:00,28,26,87,東南風,3,2,32,多雲,02,20,70,2018-07-01
高雄市,林園區,6401300,2018-07-04,00:00:00,27,26,89,東南風,2,<= 1,30,短暫陣雨或雷雨,36,70,70,2018-07-01
高雄市,林園區,6401300,2018-07-04,03:00:00,27,25,92,東北風,2,<= 1,30,短暫陣雨或雷雨,36,70,70,2018-07-01
高雄市,路竹區,6402400,2018-07-01,06:00:00,26,25,93,偏西風,2,2,30,短暫陣雨或雷雨,36,30,30,2018-07-01
高雄市,路竹區,6402400,2018-07-01,09:00:00,29,27,86,西南風,4,3,34,短暫陣雨或雷雨,36,30,30,2018-07-01
高雄市,路竹區,6402400,2018-07-01,12:00:00,31,28,82,偏西風,4,3,35,短暫陣雨或雷雨,36,30,30,2018-07-01
高雄市,路竹區,6402400,2018-07-01,15:00:00,31,28,83,偏西風,3,2,34,短暫陣雨或雷雨,36,30,30,2018-07-01
高雄市,路竹區,6402400,2018-07-01,18:00:00,29,27,88,偏東風,1,<= 1,32,短暫陣雨或雷雨,36,30,70,2018-07-01
高雄市,路竹區,6402400,2018-07-01,21:00:00,27,26,94,偏南風,2,2,32,短暫陣雨或雷雨,36,30,70,2018-07-01
高雄市,路竹區,6402400,2018-07-02,00:00:00,27,26,95,東南風,4,3,30,短暫陣雨或雷雨,36,70,70,2018-07-01
高雄市,路竹區,6402400,2018-07-02,03:00:00,26,25,95,東南風,4,3,28,短暫陣雨或雷雨,36,70,70,2018-07-01
高雄市,路竹區,6402400,2018-07-02,06:00:00,26,24,93,偏東風,3,2,28,短暫陣雨或雷雨,36,80,80,2018-07-01
高雄市,路竹區,6402400,2018-07-02,09:00:00,29,27,89,偏東風,5,3,32,多雲,02,80,80,2018-07-01
高雄市,路竹區,6402400,2018-07-02,12:00:00,31,28,87,東北風,5,3,33,午後短暫雷陣雨,36,50,80,2018-07-01
高雄市,路竹區,6402400,2018-07-02,15:00:00,30,28,86,偏東風,3,2,33,多雲,02,50,80,2018-07-01
高雄市,路竹區,6402400,2018-07-02,18:00:00,28,27,91,東南風,3,2,32,多雲,02,20,70,2018-07-01
高雄市,路竹區,6402400,2018-07-02,21:00:00,27,26,93,東南風,3,2,30,多雲,02,20,70,2018-07-01
高雄市,路竹區,6402400,2018-07-03,00:00:00,27,26,95,東南風,3,2,30,短暫陣雨或雷雨,36,70,70,2018-07-01
高雄市,路竹區,6402400,2018-07-03,03:00:00,26,25,94,東南風,3,2,29,短暫陣雨或雷雨,36,70,70,2018-07-01
高雄市,路竹區,6402400,2018-07-03,06:00:00,26,25,94,東南風,3,2,28,短暫陣雨或雷雨,36,60,60,2018-07-01
高雄市,路竹區,6402400,2018-07-03,09:00:00,29,28,92,偏西風,4,3,34,多雲,02,60,60,2018-07-01
高雄市,路竹區,6402400,2018-07-03,12:00:00,31,29,90,偏東風,2,<= 1,36,午後短暫雷陣雨,36,30,60,2018-07-01
高雄市,路竹區,6402400,2018-07-03,15:00:00,31,29,89,偏南風,2,2,37,午後短暫雷陣雨,36,30,60,2018-07-01
高雄市,路竹區,6402400,2018-07-03,18:00:00,29,27,91,偏南風,2,2,33,多雲,02,20,70,2018-07-01
高雄市,路竹區,6402400,2018-07-03,21:00:00,27,26,93,偏南風,4,3,31,多雲,02,20,70,2018-07-01
高雄市,路竹區,6402400,2018-07-04,00:00:00,27,26,94,東南風,3,2,29,多雲,02,70,70,2018-07-01
高雄市,路竹區,6402400,2018-07-04,03:00:00,26,25,95,東南風,2,2,29,短暫陣雨或雷雨,36,70,70,2018-07-01
高雄市,桃源區,6403700,2018-07-01,06:00:00,22,19,85,偏南風,2,<= 1,24,短暫陣雨或雷雨,36,30,80,2018-07-01
高雄市,桃源區,6403700,2018-07-01,09:00:00,27,25,86,西南風,2,<= 1,31,短暫陣雨或雷雨,36,30,80,2018-07-01
高雄市,桃源區,6403700,2018-07-01,12:00:00,29,28,92,西南風,2,2,34,短暫陣雨或雷雨,36,80,80,2018-07-01
高雄市,桃源區,6403700,2018-07-01,15:00:00,28,27,94,偏南風,1,<= 1,32,短暫陣雨或雷雨,36,80,80,2018-07-01
高雄市,桃源區,6403700,2018-07-01,18:00:00,25,24,93,偏東風,1,<= 1,29,短暫陣雨或雷雨,36,30,30,2018-07-01
高雄市,桃源區,6403700,2018-07-01,21:00:00,23,22,93,西南風,1,<= 1,26,短暫陣雨或雷雨,36,30,30,2018-07-01
高雄市,桃源區,6403700,2018-07-02,00:00:00,23,21,93,東北風,2,2,25,短暫陣雨或雷雨,36,30,30,2018-07-01
高雄市,桃源區,6403700,2018-07-02,03:00:00,22,21,93,東北風,1,<= 1,24,短暫陣雨或雷雨,36,30,30,2018-07-01
高雄市,桃源區,6403700,2018-07-02,06:00:00,22,20,93,東北風,1,<= 1,24,多雲,02,20,70,2018-07-01
高雄市,桃源區,6403700,2018-07-02,09:00:00,27,26,93,西南風,3,2,31,晴,01,20,70,2018-07-01
高雄市,桃源區,6403700,2018-07-02,12:00:00,28,27,90,西南風,2,<= 1,32,午後短暫雷陣雨,36,70,70,2018-07-01
高雄市,桃源區,6403700,2018-07-02,15:00:00,27,25,89,西南風,1,<= 1,31,午後短暫雷陣雨,36,70,70,2018-07-01
高雄市,桃源區,6403700,2018-07-02,18:00:00,25,23,89,東北風,1,<= 1,28,多雲,02,20,20,2018-07-01
高雄市,桃源區,6403700,2018-07-02,21:00:00,23,21,88,偏東風,1,<= 1,26,多雲,02,20,20,2018-07-01
高雄市,桃源區,6403700,2018-07-03,00:00:00,22,20,88,偏東風,1,<= 1,25,多雲,02,20,20,2018-07-01
高雄市,桃源區,6403700,2018-07-03,03:00:00,22,20,91,偏東風,1,<= 1,24,多雲,02,20,20,2018-07-01
高雄市,桃源區,6403700,2018-07-03,06:00:00,22,20,90,偏西風,1,<= 1,24,多雲,02,20,70,2018-07-01
高雄市,桃源區,6403700,2018-07-03,09:00:00,28,26,89,西南風,2,2,32,多雲,02,20,70,2018-07-01
高雄市,桃源區,6403700,2018-07-03,12:00:00,30,28,91,西南風,1,<= 1,34,午後短暫雷陣雨,36,70,70,2018-07-01
高雄市,桃源區,6403700,2018-07-03,15:00:00,28,27,91,偏東風,1,<= 1,33,多雲,02,70,70,2018-07-01
高雄市,桃源區,6403700,2018-07-03,18:00:00,25,23,90,東北風,2,2,29,多雲,02,10,10,2018-07-01
高雄市,桃源區,6403700,2018-07-03,21:00:00,23,21,87,偏東風,1,<= 1,25,晴,01,10,10,2018-07-01
高雄市,桃源區,6403700,2018-07-04,00:00:00,23,20,85,偏東風,1,<= 1,25,晴,01,10,10,2018-07-01
高雄市,桃源區,6403700,2018-07-04,03:00:00,22,19,85,東南風,1,<= 1,24,多雲,02,10,10,2018-07-01
高雄市,旗津區,6401000,2018-07-01,06:00:00,27,25,89,偏北風,4,3,30,短暫陣雨或雷雨,36,60,60,2018-07-01
高雄市,旗津區,6401000,2018-07-01,09:00:00,29,27,87,偏西風,5,3,32,短暫陣雨或雷雨,36,60,60,2018-07-01
高雄市,旗津區,6401000,2018-07-01,12:00:00,31,28,85,偏西風,8,5,34,短暫陣雨或雷雨,36,30,60,2018-07-01
高雄市,旗津區,6401000,2018-07-01,15:00:00,30,28,85,偏西風,4,3,31,短暫陣雨或雷雨,36,30,60,2018-07-01
高雄市,旗津區,6401000,2018-07-01,18:00:00,29,26,86,偏南風,1,<= 1,31,短暫陣雨或雷雨,36,30,70,2018-07-01
高雄市,旗津區,6401000,2018-07-01,21:00:00,27,25,88,西南風,3,2,32,短暫陣雨或雷雨,36,30,70,2018-07-01
高雄市,旗津區,6401000,2018-07-02,00:00:00,27,26,91,偏東風,4,3,30,短暫陣雨或雷雨,36,70,70,2018-07-01
高雄市,旗津區,6401000,2018-07-02,03:00:00,27,25,92,東南風,2,<= 1,29,短暫陣雨或雷雨,36,70,70,2018-07-01
高雄市,旗津區,6401000,2018-07-02,06:00:00,26,24,91,偏東風,5,3,30,短暫陣雨或雷雨,36,70,70,2018-07-01
高雄市,旗津區,6401000,2018-07-02,09:00:00,29,26,89,偏東風,6,4,31,多雲,02,70,70,2018-07-01
高雄市,旗津區,6401000,2018-07-02,12:00:00,30,27,85,東北風,6,4,32,午後短暫雷陣雨,36,40,70,2018-07-01
高雄市,旗津區,6401000,2018-07-02,15:00:00,30,27,87,偏東風,7,4,32,午後短暫雷陣雨,36,40,70,2018-07-01
高雄市,旗津區,6401000,2018-07-02,18:00:00,28,26,89,東北風,3,2,29,多雲,02,20,70,2018-07-01
高雄市,旗津區,6401000,2018-07-02,21:00:00,27,25,88,偏南風,2,<= 1,30,多雲,02,20,70,2018-07-01
高雄市,旗津區,6401000,2018-07-03,00:00:00,27,25,89,西南風,3,2,31,短暫陣雨或雷雨,36,70,70,2018-07-01
高雄市,旗津區,6401000,2018-07-03,03:00:00,27,25,89,東南風,3,2,29,短暫陣雨或雷雨,36,70,70,2018-07-01
高雄市,旗津區,6401000,2018-07-03,06:00:00,26,25,90,東南風,2,<= 1,29,短暫陣雨或雷雨,36,80,80,2018-07-01
高雄市,旗津區,6401000,2018-07-03,09:00:00,29,27,91,偏東風,1,<= 1,33,多雲,02,80,80,2018-07-01
高雄市,旗津區,6401000,2018-07-03,12:00:00,30,28,88,偏北風,1,<= 1,36,午後短暫雷陣雨,36,60,80,2018-07-01
高雄市,旗津區,6401000,2018-07-03,15:00:00,30,28,86,東南風,2,2,35,午後短暫雷陣雨,36,60,80,2018-07-01
高雄市,旗津區,6401000,2018-07-03,18:00:00,29,26,86,偏東風,3,2,32,多雲,02,20,70,2018-07-01
高雄市,旗津區,6401000,2018-07-03,21:00:00,28,25,87,偏南風,4,3,31,多雲,02,20,70,2018-07-01
高雄市,旗津區,6401000,2018-07-04,00:00:00,27,25,89,偏南風,2,2,29,多雲,02,70,70,2018-07-01
高雄市,旗津區,6401000,2018-07-04,03:00:00,27,25,90,東南風,1,<= 1,30,短暫陣雨或雷雨,36,70,70,2018-07-01
高雄市,鼓山區,6400200,2018-07-01,06:00:00,27,25,90,偏北風,3,2,31,短暫陣雨或雷雨,36,60,60,2018-07-01
高雄市,鼓山區,6400200,2018-07-01,09:00:00,29,27,86,偏西風,4,3,33,短暫陣雨或雷雨,36,60,60,2018-07-01
高雄市,鼓山區,6400200,2018-07-01,12:00:00,31,28,84,偏西風,5,3,34,短暫陣雨或雷雨,36,30,60,2018-07-01
高雄市,鼓山區,6400200,2018-07-01,15:00:00,31,28,85,偏西風,3,2,33,短暫陣雨或雷雨,36,30,60,2018-07-01
高雄市,鼓山區,6400200,2018-07-01,18:00:00,29,26,87,西南風,1,<= 1,33,短暫陣雨或雷雨,36,30,70,2018-07-01
高雄市,鼓山區,6400200,2018-07-01,21:00:00,28,26,90,西南風,3,2,32,短暫陣雨或雷雨,36,30,70,2018-07-01
高雄市,鼓山區,6400200,2018-07-02,00:00:00,27,26,92,東北風,2,2,30,短暫陣雨或雷雨,36,70,70,2018-07-01
高雄市,鼓山區,6400200,2018-07-02,03:00:00,27,25,93,偏東風,2,2,30,短暫陣雨或雷雨,36,70,70,2018-07-01
高雄市,鼓山區,6400200,2018-07-02,06:00:00,26,24,91,偏東風,3,2,29,短暫陣雨或雷雨,36,70,70,2018-07-01
高雄市,鼓山區,6400200,2018-07-02,09:00:00,28,26,90,偏東風,4,3,32,多雲,02,70,70,2018-07-01
高雄市,鼓山區,6400200,2018-07-02,12:00:00,30,27,85,東北風,3,2,33,午後短暫雷陣雨,36,40,70,2018-07-01
高雄市,鼓山區,6400200,2018-07-02,15:00:00,30,28,87,偏東風,4,3,34,午後短暫雷陣雨,36,40,70,2018-07-01
高雄市,鼓山區,6400200,2018-07-02,18:00:00,29,27,90,東北風,2,2,32,多雲,02,20,70,2018-07-01
高雄市,鼓山區,6400200,2018-07-02,21:00:00,27,26,90,偏南風,2,<= 1,31,多雲,02,20,70,2018-07-01
高雄市,鼓山區,6400200,2018-07-03,00:00:00,27,25,91,偏南風,3,2,31,短暫陣雨或雷雨,36,70,70,2018-07-01
高雄市,鼓山區,6400200,2018-07-03,03:00:00,27,25,91,東南風,2,2,30,短暫陣雨或雷雨,36,70,70,2018-07-01
高雄市,鼓山區,6400200,2018-07-03,06:00:00,26,25,92,偏東風,2,<= 1,29,短暫陣雨或雷雨,36,80,80,2018-07-01
高雄市,鼓山區,6400200,2018-07-03,09:00:00,29,27,92,偏南風,1,<= 1,33,多雲,02,80,80,2018-07-01
高雄市,鼓山區,6400200,2018-07-03,12:00:00,31,29,89,偏東風,1,<= 1,37,午後短暫雷陣雨,36,60,80,2018-07-01
高雄市,鼓山區,6400200,2018-07-03,15:00:00,31,28,86,東南風,2,<= 1,36,午後短暫雷陣雨,36,60,80,2018-07-01
高雄市,鼓山區,6400200,2018-07-03,18:00:00,29,27,87,偏東風,2,<= 1,33,多雲,02,20,70,2018-07-01
高雄市,鼓山區,6400200,2018-07-03,21:00:00,28,26,88,偏南風,4,3,32,多雲,02,20,70,2018-07-01
高雄市,鼓山區,6400200,2018-07-04,00:00:00,27,26,90,偏南風,2,2,30,多雲,02,70,70,2018-07-01
高雄市,鼓山區,6400200,2018-07-04,03:00:00,27,25,92,東南風,1,<= 1,30,短暫陣雨或雷雨,36,70,70,2018-07-01
高雄市,燕巢區,6402100,2018-07-01,06:00:00,25,24,93,偏西風,1,<= 1,27,短暫陣雨或雷雨,36,30,30,2018-07-01
高雄市,燕巢區,6402100,2018-07-01,09:00:00,29,26,86,偏西風,5,3,33,短暫陣雨或雷雨,36,30,30,2018-07-01
高雄市,燕巢區,6402100,2018-07-01,12:00:00,31,28,84,偏西風,4,3,33,短暫陣雨或雷雨,36,30,30,2018-07-01
高雄市,燕巢區,6402100,2018-07-01,15:00:00,31,28,85,偏西風,3,2,34,短暫陣雨或雷雨,36,30,30,2018-07-01
高雄市,燕巢區,6402100,2018-07-01,18:00:00,28,27,90,偏東風,2,2,32,短暫陣雨或雷雨,36,30,70,2018-07-01
高雄市,燕巢區,6402100,2018-07-01,21:00:00,27,26,96,偏南風,3,2,30,短暫陣雨或雷雨,36,30,70,2018-07-01
高雄市,燕巢區,6402100,2018-07-02,00:00:00,26,25,97,偏東風,3,2,29,短暫陣雨或雷雨,36,70,70,2018-07-01
高雄市,燕巢區,6402100,2018-07-02,03:00:00,25,25,98,偏東風,3,2,28,短暫陣雨或雷雨,36,70,70,2018-07-01
高雄市,燕巢區,6402100,2018-07-02,06:00:00,25,24,95,偏東風,4,3,27,短暫陣雨或雷雨,36,80,80,2018-07-01
高雄市,燕巢區,6402100,2018-07-02,09:00:00,28,26,89,偏東風,3,2,31,多雲,02,80,80,2018-07-01
高雄市,燕巢區,6402100,2018-07-02,12:00:00,30,27,86,偏北風,4,3,34,午後短暫雷陣雨,36,50,80,2018-07-01
高雄市,燕巢區,6402100,2018-07-02,15:00:00,30,27,86,東南風,3,2,33,午後短暫雷陣雨,36,50,80,2018-07-01
高雄市,燕巢區,6402100,2018-07-02,18:00:00,28,26,91,偏東風,4,3,31,多雲,02,20,60,2018-07-01
高雄市,燕巢區,6402100,2018-07-02,21:00:00,26,25,95,東南風,2,<= 1,29,多雲,02,20,60,2018-07-01
高雄市,燕巢區,6402100,2018-07-03,00:00:00,26,25,98,東南風,2,2,30,短暫陣雨或雷雨,36,60,60,2018-07-01
高雄市,燕巢區,6402100,2018-07-03,03:00:00,25,25,97,偏東風,2,2,28,短暫陣雨或雷雨,36,60,60,2018-07-01
高雄市,燕巢區,6402100,2018-07-03,06:00:00,25,24,95,偏東風,4,3,28,短暫陣雨或雷雨,36,60,60,2018-07-01
高雄市,燕巢區,6402100,2018-07-03,09:00:00,29,27,93,東北風,3,2,32,多雲,02,60,60,2018-07-01
高雄市,燕巢區,6402100,2018-07-03,12:00:00,31,29,90,東南風,4,3,35,午後短暫雷陣雨,36,50,60,2018-07-01
高雄市,燕巢區,6402100,2018-07-03,15:00:00,31,29,89,東南風,2,<= 1,35,午後短暫雷陣雨,36,50,60,2018-07-01
高雄市,燕巢區,6402100,2018-07-03,18:00:00,29,27,92,東南風,2,<= 1,33,多雲,02,20,60,2018-07-01
高雄市,燕巢區,6402100,2018-07-03,21:00:00,27,26,95,偏南風,3,2,31,多雲,02,20,60,2018-07-01
高雄市,燕巢區,6402100,2018-07-04,00:00:00,26,25,95,東南風,2,2,29,多雲,02,60,60,2018-07-01
高雄市,燕巢區,6402100,2018-07-04,03:00:00,26,25,96,東南風,2,<= 1,29,短暫陣雨或雷雨,36,60,60,2018-07-01
高雄市,大社區,6401600,2018-07-01,06:00:00,26,24,92,偏西風,1,<= 1,29,短暫陣雨或雷雨,36,30,30,2018-07-01
高雄市,大社區,6401600,2018-07-01,09:00:00,29,26,86,偏西風,4,3,33,短暫陣雨或雷雨,36,30,30,2018-07-01
高雄市,大社區,6401600,2018-07-01,12:00:00,31,28,83,偏西風,4,3,35,短暫陣雨或雷雨,36,30,30,2018-07-01
高雄市,大社區,6401600,2018-07-01,15:00:00,31,28,84,偏西風,3,2,35,短暫陣雨或雷雨,36,30,30,2018-07-01
高雄市,大社區,6401600,2018-07-01,18:00:00,29,27,89,東北風,1,<= 1,33,短暫陣雨或雷雨,36,30,70,2018-07-01
高雄市,大社區,6401600,2018-07-01,21:00:00,27,26,95,西南風,4,3,32,短暫陣雨或雷雨,36,30,70,2018-07-01
高雄市,大社區,6401600,2018-07-02,00:00:00,27,26,96,東北風,2,<= 1,29,短暫陣雨或雷雨,36,70,70,2018-07-01
高雄市,大社區,6401600,2018-07-02,03:00:00,26,25,97,偏東風,2,2,30,短暫陣雨或雷雨,36,70,70,2018-07-01
高雄市,大社區,6401600,2018-07-02,06:00:00,25,24,95,偏東風,2,2,28,短暫陣雨或雷雨,36,70,70,2018-07-01
高雄市,大社區,6401600,2018-07-02,09:00:00,28,27,91,偏東風,4,3,32,多雲,02,70,70,2018-07-01
高雄市,大社區,6401600,2018-07-02,12:00:00,30,28,86,東北風,3,2,34,午後短暫雷陣雨,36,50,70,2018-07-01
高雄市,大社區,6401600,2018-07-02,15:00:00,30,28,88,偏東風,3,2,35,午後短暫雷陣雨,36,50,70,2018-07-01
高雄市,大社區,6401600,2018-07-02,18:00:00,29,27,91,東南風,2,<= 1,32,多雲,02,20,70,2018-07-01
高雄市,大社區,6401600,2018-07-02,21:00:00,27,26,94,東南風,2,<= 1,31,多雲,02,20,70,2018-07-01
高雄市,大社區,6401600,2018-07-03,00:00:00,27,26,97,東南風,2,2,31,短暫陣雨或雷雨,36,70,70,2018-07-01
高雄市,大社區,6401600,2018-07-03,03:00:00,26,25,96,偏東風,3,2,29,短暫陣雨或雷雨,36,70,70,2018-07-01
高雄市,大社區,6401600,2018-07-03,06:00:00,25,24,94,東南風,2,<= 1,28,短暫陣雨或雷雨,36,80,80,2018-07-01
高雄市,大社區,6401600,2018-07-03,09:00:00,29,28,93,偏北風,2,<= 1,34,多雲,02,80,80,2018-07-01
高雄市,大社區,6401600,2018-07-03,12:00:00,31,29,90,偏南風,2,<= 1,37,午後短暫雷陣雨,36,50,80,2018-07-01
高雄市,大社區,6401600,2018-07-03,15:00:00,31,29,88,東北風,1,<= 1,37,午後短暫雷陣雨,36,50,80,2018-07-01
高雄市,大社區,6401600,2018-07-03,18:00:00,29,28,91,東南風,1,<= 1,34,多雲,02,20,70,2018-07-01
高雄市,大社區,6401600,2018-07-03,21:00:00,28,26,93,偏南風,3,2,32,多雲,02,20,70,2018-07-01
高雄市,大社區,6401600,2018-07-04,00:00:00,27,26,95,東南風,2,2,30,多雲,02,70,70,2018-07-01
高雄市,大社區,6401600,2018-07-04,03:00:00,26,25,96,東南風,2,<= 1,30,短暫陣雨或雷雨,36,70,70,2018-07-01
高雄市,阿蓮區,6402300,2018-07-01,06:00:00,26,25,94,西北風,1,<= 1,29,短暫陣雨或雷雨,36,30,30,2018-07-01
高雄市,阿蓮區,6402300,2018-07-01,09:00:00,30,27,86,偏西風,3,2,35,短暫陣雨或雷雨,36,30,30,2018-07-01
高雄市,阿蓮區,6402300,2018-07-01,12:00:00,31,28,83,偏北風,2,<= 1,36,短暫陣雨或雷雨,36,30,30,2018-07-01
高雄市,阿蓮區,6402300,2018-07-01,15:00:00,31,28,86,偏西風,3,2,36,短暫陣雨或雷雨,36,30,30,2018-07-01
高雄市,阿蓮區,6402300,2018-07-01,18:00:00,29,27,91,偏東風,2,2,32,短暫陣雨或雷雨,36,30,70,2018-07-01
高雄市,阿蓮區,6402300,2018-07-01,21:00:00,27,26,96,偏東風,3,2,30,短暫陣雨或雷雨,36,30,70,2018-07-01
高雄市,阿蓮區,6402300,2018-07-02,00:00:00,26,25,96,偏東風,2,2,29,短暫陣雨或雷雨,36,70,70,2018-07-01
高雄市,阿蓮區,6402300,2018-07-02,03:00:00,26,25,97,偏東風,4,3,29,短暫陣雨或雷雨,36,70,70,2018-07-01
高雄市,阿蓮區,6402300,2018-07-02,06:00:00,25,24,94,偏東風,4,3,27,短暫陣雨或雷雨,36,70,70,2018-07-01
高雄市,阿蓮區,6402300,2018-07-02,09:00:00,29,27,88,東南風,3,2,32,多雲,02,70,70,2018-07-01
高雄市,阿蓮區,6402300,2018-07-02,12:00:00,31,28,86,東北風,4,3,35,午後短暫雷陣雨,36,50,70,2018-07-01
高雄市,阿蓮區,6402300,2018-07-02,15:00:00,30,28,85,偏東風,3,2,34,多雲,02,50,70,2018-07-01
高雄市,阿蓮區,6402300,2018-07-02,18:00:00,28,27,91,偏東風,5,3,32,多雲,02,20,60,2018-07-01
高雄市,阿蓮區,6402300,2018-07-02,21:00:00,27,26,95,東南風,2,2,28,多雲,02,20,60,2018-07-01
高雄市,阿蓮區,6402300,2018-07-03,00:00:00,26,26,97,東南風,3,2,30,短暫陣雨或雷雨,36,60,60,2018-07-01
高雄市,阿蓮區,6402300,2018-07-03,03:00:00,25,25,96,東南風,3,2,28,短暫陣雨或雷雨,36,60,60,2018-07-01
高雄市,阿蓮區,6402300,2018-07-03,06:00:00,25,24,95,偏東風,4,3,28,短暫陣雨或雷雨,36,50,50,2018-07-01
高雄市,阿蓮區,6402300,2018-07-03,09:00:00,30,29,93,偏西風,5,3,34,多雲,02,50,50,2018-07-01
高雄市,阿蓮區,6402300,2018-07-03,12:00:00,32,30,90,偏北風,1,<= 1,35,午後短暫雷陣雨,36,30,50,2018-07-01
高雄市,阿蓮區,6402300,2018-07-03,15:00:00,31,30,90,偏南風,2,2,37,午後短暫雷陣雨,36,30,50,2018-07-01
高雄市,阿蓮區,6402300,2018-07-03,18:00:00,29,27,93,東南風,2,2,33,多雲,02,20,60,2018-07-01
高雄市,阿蓮區,6402300,2018-07-03,21:00:00,27,26,95,偏南風,4,3,31,多雲,02,20,60,2018-07-01
高雄市,阿蓮區,6402300,2018-07-04,00:00:00,26,25,95,東南風,3,2,29,多雲,02,60,60,2018-07-01
高雄市,阿蓮區,6402300,2018-07-04,03:00:00,26,25,95,東南風,2,<= 1,29,短暫陣雨或雷雨,36,60,60,2018-07-01
高雄市,鳳山區,6401200,2018-07-01,06:00:00,26,24,92,西北風,2,2,29,短暫陣雨或雷雨,36,30,30,2018-07-01
高雄市,鳳山區,6401200,2018-07-01,09:00:00,29,26,86,西南風,4,3,33,短暫陣雨或雷雨,36,30,30,2018-07-01
高雄市,鳳山區,6401200,2018-07-01,12:00:00,31,28,84,偏西風,5,3,35,短暫陣雨或雷雨,36,30,30,2018-07-01
高雄市,鳳山區,6401200,2018-07-01,15:00:00,31,28,85,偏西風,3,2,34,短暫陣雨或雷雨,36,30,30,2018-07-01
高雄市,鳳山區,6401200,2018-07-01,18:00:00,29,27,88,西北風,1,<= 1,32,短暫陣雨或雷雨,36,30,70,2018-07-01
高雄市,鳳山區,6401200,2018-07-01,21:00:00,27,26,94,西南風,3,2,32,短暫陣雨或雷雨,36,30,70,2018-07-01
高雄市,鳳山區,6401200,2018-07-02,00:00:00,27,26,95,偏東風,2,<= 1,30,短暫陣雨或雷雨,36,70,70,2018-07-01
高雄市,鳳山區,6401200,2018-07-02,03:00:00,26,25,96,偏東風,2,2,29,短暫陣雨或雷雨,36,70,70,2018-07-01
高雄市,鳳山區,6401200,2018-07-02,06:00:00,25,24,95,偏東風,1,<= 1,28,短暫陣雨或雷雨,36,70,70,2018-07-01
高雄市,鳳山區,6401200,2018-07-02,09:00:00,28,27,92,偏東風,3,2,33,多雲,02,70,70,2018-07-01
高雄市,鳳山區,6401200,2018-07-02,12:00:00,31,28,85,東北風,3,2,35,午後短暫雷陣雨,36,50,70,2018-07-01
高雄市,鳳山區,6401200,2018-07-02,15:00:00,31,28,88,偏東風,2,2,35,午後短暫雷陣雨,36,50,70,2018-07-01
高雄市,鳳山區,6401200,2018-07-02,18:00:00,29,27,90,東北風,3,2,33,多雲,02,20,70,2018-07-01
高雄市,鳳山區,6401200,2018-07-02,21:00:00,27,26,93,東南風,1,<= 1,31,多雲,02,20,70,2018-07-01
高雄市,鳳山區,6401200,2018-07-03,00:00:00,27,26,95,東南風,2,<= 1,31,短暫陣雨或雷雨,36,70,70,2018-07-01
高雄市,鳳山區,6401200,2018-07-03,03:00:00,26,25,94,偏東風,2,2,30,短暫陣雨或雷雨,36,70,70,2018-07-01
高雄市,鳳山區,6401200,2018-07-03,06:00:00,25,24,93,偏東風,1,<= 1,28,短暫陣雨或雷雨,36,80,80,2018-07-01
高雄市,鳳山區,6401200,2018-07-03,09:00:00,29,27,93,偏西風,2,<= 1,34,多雲,02,80,80,2018-07-01
高雄市,鳳山區,6401200,2018-07-03,12:00:00,31,29,90,偏東風,1,<= 1,37,午後短暫雷陣雨,36,60,80,2018-07-01
高雄市,鳳山區,6401200,2018-07-03,15:00:00,31,29,88,西南風,2,<= 1,37,午後短暫雷陣雨,36,60,80,2018-07-01
高雄市,鳳山區,6401200,2018-07-03,18:00:00,29,27,90,偏東風,1,<= 1,34,多雲,02,20,60,2018-07-01
高雄市,鳳山區,6401200,2018-07-03,21:00:00,28,26,92,東南風,3,2,32,多雲,02,20,60,2018-07-01
高雄市,鳳山區,6401200,2018-07-04,00:00:00,27,26,93,東南風,2,<= 1,30,多雲,02,60,60,2018-07-01
高雄市,鳳山區,6401200,2018-07-04,03:00:00,26,25,95,偏東風,1,<= 1,30,短暫陣雨或雷雨,36,60,60,2018-07-01
高雄市,湖內區,6402500,2018-07-01,06:00:00,26,25,93,西南風,3,2,29,短暫陣雨或雷雨,36,30,30,2018-07-01
高雄市,湖內區,6402500,2018-07-01,09:00:00,29,26,85,西南風,2,2,32,短暫陣雨或雷雨,36,30,30,2018-07-01
高雄市,湖內區,6402500,2018-07-01,12:00:00,30,27,81,西南風,4,3,35,短暫陣雨或雷雨,36,30,30,2018-07-01
高雄市,湖內區,6402500,2018-07-01,15:00:00,30,27,81,偏西風,3,2,33,短暫陣雨或雷雨,36,30,30,2018-07-01
高雄市,湖內區,6402500,2018-07-01,18:00:00,28,26,86,東南風,1,<= 1,31,短暫陣雨或雷雨,36,30,70,2018-07-01
高雄市,湖內區,6402500,2018-07-01,21:00:00,26,25,94,東南風,4,3,31,短暫陣雨或雷雨,36,30,70,2018-07-01
高雄市,湖內區,6402500,2018-07-02,00:00:00,26,25,95,偏東風,4,3,28,短暫陣雨或雷雨,36,70,70,2018-07-01
高雄市,湖內區,6402500,2018-07-02,03:00:00,25,25,96,偏東風,4,3,27,短暫陣雨或雷雨,36,70,70,2018-07-01
高雄市,湖內區,6402500,2018-07-02,06:00:00,25,24,93,偏東風,4,3,27,短暫陣雨或雷雨,36,80,80,2018-07-01
高雄市,湖內區,6402500,2018-07-02,09:00:00,28,26,89,偏東風,6,4,31,多雲,02,80,80,2018-07-01
高雄市,湖內區,6402500,2018-07-02,12:00:00,30,28,88,東北風,5,3,32,午後短暫雷陣雨,36,40,80,2018-07-01
高雄市,湖內區,6402500,2018-07-02,15:00:00,30,27,86,偏東風,4,3,32,午後短暫雷陣雨,36,40,80,2018-07-01
高雄市,湖內區,6402500,2018-07-02,18:00:00,28,26,92,東南風,2,2,31,多雲,02,20,60,2018-07-01
高雄市,湖內區,6402500,2018-07-02,21:00:00,26,25,93,東南風,3,2,30,多雲,02,20,60,2018-07-01
高雄市,湖內區,6402500,2018-07-03,00:00:00,26,25,95,東南風,3,2,29,短暫陣雨或雷雨,36,60,60,2018-07-01
高雄市,湖內區,6402500,2018-07-03,03:00:00,25,24,95,東南風,3,2,28,短暫陣雨或雷雨,36,60,60,2018-07-01
高雄市,湖內區,6402500,2018-07-03,06:00:00,25,24,95,東北風,2,<= 1,27,短暫陣雨或雷雨,36,60,60,2018-07-01
高雄市,湖內區,6402500,2018-07-03,09:00:00,29,27,93,東南風,2,<= 1,33,多雲,02,60,60,2018-07-01
高雄市,湖內區,6402500,2018-07-03,12:00:00,30,29,91,偏南風,2,2,36,午後短暫雷陣雨,36,50,60,2018-07-01
高雄市,湖內區,6402500,2018-07-03,15:00:00,30,28,90,偏南風,2,<= 1,35,午後短暫雷陣雨,36,50,60,2018-07-01
高雄市,湖內區,6402500,2018-07-03,18:00:00,28,27,91,東南風,2,2,33,多雲,02,20,60,2018-07-01
高雄市,湖內區,6402500,2018-07-03,21:00:00,27,26,93,偏南風,4,3,30,多雲,02,20,60,2018-07-01
高雄市,湖內區,6402500,2018-07-04,00:00:00,26,25,95,偏南風,3,2,28,多雲,02,60,60,2018-07-01
高雄市,湖內區,6402500,2018-07-04,03:00:00,26,25,96,東南風,2,2,28,短暫陣雨或雷雨,36,60,60,2018-07-01
高雄市,仁武區,6401700,2018-07-01,06:00:00,26,25,92,偏西風,2,<= 1,29,短暫陣雨或雷雨,36,30,30,2018-07-01
高雄市,仁武區,6401700,2018-07-01,09:00:00,29,26,86,偏西風,4,3,33,短暫陣雨或雷雨,36,30,30,2018-07-01
高雄市,仁武區,6401700,2018-07-01,12:00:00,31,28,83,偏西風,4,3,34,短暫陣雨或雷雨,36,30,30,2018-07-01
高雄市,仁武區,6401700,2018-07-01,15:00:00,31,28,84,偏西風,3,2,34,短暫陣雨或雷雨,36,30,30,2018-07-01
高雄市,仁武區,6401700,2018-07-01,18:00:00,29,27,88,偏北風,1,<= 1,33,短暫陣雨或雷雨,36,30,70,2018-07-01
高雄市,仁武區,6401700,2018-07-01,21:00:00,27,26,95,西南風,4,3,32,短暫陣雨或雷雨,36,30,70,2018-07-01
高雄市,仁武區,6401700,2018-07-02,00:00:00,27,26,96,東北風,2,<= 1,30,短暫陣雨或雷雨,36,70,70,2018-07-01
高雄市,仁武區,6401700,2018-07-02,03:00:00,26,25,96,偏東風,2,<= 1,30,短暫陣雨或雷雨,36,70,70,2018-07-01
高雄市,仁武區,6401700,2018-07-02,06:00:00,25,24,95,偏東風,2,2,29,短暫陣雨或雷雨,36,80,80,2018-07-01
高雄市,仁武區,6401700,2018-07-02,09:00:00,28,27,91,偏東風,4,3,32,多雲,02,80,80,2018-07-01
高雄市,仁武區,6401700,2018-07-02,12:00:00,30,28,86,東北風,3,2,33,午後短暫雷陣雨,36,40,80,2018-07-01
高雄市,仁武區,6401700,2018-07-02,15:00:00,30,28,89,偏東風,3,2,35,午後短暫雷陣雨,36,40,80,2018-07-01
高雄市,仁武區,6401700,2018-07-02,18:00:00,29,27,92,偏東風,2,<= 1,32,多雲,02,20,70,2018-07-01
高雄市,仁武區,6401700,2018-07-02,21:00:00,27,26,94,東南風,1,<= 1,31,多雲,02,20,70,2018-07-01
高雄市,仁武區,6401700,2018-07-03,00:00:00,27,26,97,東南風,2,<= 1,31,短暫陣雨或雷雨,36,70,70,2018-07-01
高雄市,仁武區,6401700,2018-07-03,03:00:00,26,25,96,偏東風,2,2,30,短暫陣雨或雷雨,36,70,70,2018-07-01
高雄市,仁武區,6401700,2018-07-03,06:00:00,25,24,94,東南風,2,<= 1,29,短暫陣雨或雷雨,36,80,80,2018-07-01
高雄市,仁武區,6401700,2018-07-03,09:00:00,29,27,93,偏西風,2,2,33,多雲,02,80,80,2018-07-01
高雄市,仁武區,6401700,2018-07-03,12:00:00,31,29,90,東南風,1,<= 1,36,午後短暫雷陣雨,36,60,80,2018-07-01
高雄市,仁武區,6401700,2018-07-03,15:00:00,31,29,88,偏東風,1,<= 1,37,午後短暫雷陣雨,36,60,80,2018-07-01
高雄市,仁武區,6401700,2018-07-03,18:00:00,29,27,91,東南風,1,<= 1,34,多雲,02,20,70,2018-07-01
高雄市,仁武區,6401700,2018-07-03,21:00:00,27,26,93,偏南風,3,2,32,多雲,02,20,70,2018-07-01
高雄市,仁武區,6401700,2018-07-04,00:00:00,27,26,95,東南風,2,<= 1,30,多雲,02,70,70,2018-07-01
高雄市,仁武區,6401700,2018-07-04,03:00:00,26,25,96,偏東風,1,<= 1,30,短暫陣雨或雷雨,36,70,70,2018-07-01
高雄市,茂林區,6403600,2018-07-01,06:00:00,24,22,87,西北風,1,<= 1,27,多雲,02,30,60,2018-07-01
高雄市,茂林區,6403600,2018-07-01,09:00:00,30,27,84,偏西風,2,<= 1,35,短暫陣雨或雷雨,36,30,60,2018-07-01
高雄市,茂林區,6403600,2018-07-01,12:00:00,32,29,86,西南風,3,2,37,短暫陣雨或雷雨,36,60,60,2018-07-01
高雄市,茂林區,6403600,2018-07-01,15:00:00,31,29,89,西南風,2,<= 1,35,短暫陣雨或雷雨,36,60,60,2018-07-01
高雄市,茂林區,6403600,2018-07-01,18:00:00,28,26,92,偏東風,3,2,32,短暫陣雨或雷雨,36,30,50,2018-07-01
高雄市,茂林區,6403600,2018-07-01,21:00:00,26,24,91,東北風,1,<= 1,29,短暫陣雨或雷雨,36,30,50,2018-07-01
高雄市,茂林區,6403600,2018-07-02,00:00:00,25,24,92,偏南風,1,<= 1,28,短暫陣雨或雷雨,36,50,50,2018-07-01
高雄市,茂林區,6403600,2018-07-02,03:00:00,24,23,95,偏東風,4,3,28,短暫陣雨或雷雨,36,50,50,2018-07-01
高雄市,茂林區,6403600,2018-07-02,06:00:00,24,22,90,東北風,1,<= 1,25,短暫陣雨或雷雨,36,60,60,2018-07-01
高雄市,茂林區,6403600,2018-07-02,09:00:00,30,27,87,偏南風,3,2,35,晴,01,60,60,2018-07-01
高雄市,茂林區,6403600,2018-07-02,12:00:00,31,28,84,西北風,2,2,35,午後短暫雷陣雨,36,60,60,2018-07-01
高雄市,茂林區,6403600,2018-07-02,15:00:00,30,28,85,偏南風,1,<= 1,35,午後短暫雷陣雨,36,60,60,2018-07-01
高雄市,茂林區,6403600,2018-07-02,18:00:00,28,25,88,偏東風,3,2,32,多雲,02,20,20,2018-07-01
高雄市,茂林區,6403600,2018-07-02,21:00:00,26,23,86,偏東風,1,<= 1,28,多雲,02,20,20,2018-07-01
高雄市,茂林區,6403600,2018-07-03,00:00:00,25,22,87,偏東風,1,<= 1,28,陰,03,20,20,2018-07-01
高雄市,茂林區,6403600,2018-07-03,03:00:00,24,23,92,偏東風,1,<= 1,27,多雲,02,20,20,2018-07-01
高雄市,茂林區,6403600,2018-07-03,06:00:00,24,22,91,東北風,1,<= 1,27,多雲,02,20,60,2018-07-01
高雄市,茂林區,6403600,2018-07-03,09:00:00,30,27,87,西南風,3,2,35,多雲,02,20,60,2018-07-01
高雄市,茂林區,6403600,2018-07-03,12:00:00,31,29,88,偏西風,1,<= 1,36,午後短暫雷陣雨,36,60,60,2018-07-01
高雄市,茂林區,6403600,2018-07-03,15:00:00,30,28,89,西北風,1,<= 1,36,午後短暫雷陣雨,36,60,60,2018-07-01
高雄市,茂林區,6403600,2018-07-03,18:00:00,27,26,90,東南風,1,<= 1,32,多雲,02,0,20,2018-07-01
高雄市,茂林區,6403600,2018-07-03,21:00:00,26,24,91,東南風,1,<= 1,29,多雲,02,0,20,2018-07-01
高雄市,茂林區,6403600,2018-07-04,00:00:00,25,23,91,偏東風,1,<= 1,28,晴,01,20,20,2018-07-01
高雄市,茂林區,6403600,2018-07-04,03:00:00,24,23,92,偏東風,1,<= 1,27,多雲,02,20,20,2018-07-01
高雄市,杉林區,6403400,2018-07-01,06:00:00,24,23,92,東北風,1,<= 1,27,多雲,02,30,60,2018-07-01
高雄市,杉林區,6403400,2018-07-01,09:00:00,30,28,88,偏西風,4,3,36,短暫陣雨或雷雨,36,30,60,2018-07-01
高雄市,杉林區,6403400,2018-07-01,12:00:00,33,30,88,偏西風,5,3,38,短暫陣雨或雷雨,36,60,60,2018-07-01
高雄市,杉林區,6403400,2018-07-01,15:00:00,32,30,88,西南風,2,<= 1,35,短暫陣雨或雷雨,36,60,60,2018-07-01
高雄市,杉林區,6403400,2018-07-01,18:00:00,28,27,92,偏東風,3,2,33,短暫陣雨或雷雨,36,30,60,2018-07-01
高雄市,杉林區,6403400,2018-07-01,21:00:00,26,25,97,東南風,3,2,29,短暫陣雨或雷雨,36,30,60,2018-07-01
高雄市,杉林區,6403400,2018-07-02,00:00:00,25,24,97,東南風,2,2,28,短暫陣雨或雷雨,36,60,60,2018-07-01
高雄市,杉林區,6403400,2018-07-02,03:00:00,24,24,97,東北風,3,2,27,短暫陣雨或雷雨,36,60,60,2018-07-01
高雄市,杉林區,6403400,2018-07-02,06:00:00,24,23,92,東南風,3,2,26,短暫陣雨或雷雨,36,70,70,2018-07-01
高雄市,杉林區,6403400,2018-07-02,09:00:00,30,27,85,偏南風,4,3,34,多雲,02,70,70,2018-07-01
高雄市,杉林區,6403400,2018-07-02,12:00:00,32,29,84,東北風,3,2,36,午後短暫雷陣雨,36,70,70,2018-07-01
高雄市,杉林區,6403400,2018-07-02,15:00:00,32,29,86,偏南風,2,<= 1,36,午後短暫雷陣雨,36,70,70,2018-07-01
高雄市,杉林區,6403400,2018-07-02,18:00:00,28,26,90,東南風,2,2,32,多雲,02,20,40,2018-07-01
高雄市,杉林區,6403400,2018-07-02,21:00:00,26,25,95,偏南風,2,<= 1,29,多雲,02,20,40,2018-07-01
高雄市,杉林區,6403400,2018-07-03,00:00:00,25,24,95,東南風,2,<= 1,28,陰,03,40,40,2018-07-01
高雄市,杉林區,6403400,2018-07-03,03:00:00,24,23,96,東南風,2,<= 1,27,短暫陣雨或雷雨,36,40,40,2018-07-01
高雄市,杉林區,6403400,2018-07-03,06:00:00,24,23,94,東南風,2,2,27,短暫陣雨或雷雨,36,60,60,2018-07-01
高雄市,杉林區,6403400,2018-07-03,09:00:00,31,29,92,偏南風,3,2,36,多雲,02,60,60,2018-07-01
高雄市,杉林區,6403400,2018-07-03,12:00:00,33,32,92,東南風,1,<= 1,39,午後短暫雷陣雨,36,40,60,2018-07-01
高雄市,杉林區,6403400,2018-07-03,15:00:00,32,31,94,西南風,2,<= 1,40,午後短暫雷陣雨,36,40,60,2018-07-01
高雄市,杉林區,6403400,2018-07-03,18:00:00,29,28,96,偏東風,2,<= 1,33,多雲,02,0,20,2018-07-01
高雄市,杉林區,6403400,2018-07-03,21:00:00,26,25,97,東南風,2,2,30,多雲,02,0,20,2018-07-01
高雄市,杉林區,6403400,2018-07-04,00:00:00,25,24,94,東南風,2,<= 1,28,多雲,02,20,20,2018-07-01
高雄市,杉林區,6403400,2018-07-04,03:00:00,24,23,92,東南風,1,<= 1,27,多雲,02,20,20,2018-07-01
高雄市,甲仙區,6403300,2018-07-01,06:00:00,23,21,86,西北風,1,<= 1,25,多雲,02,30,70,2018-07-01
高雄市,甲仙區,6403300,2018-07-01,09:00:00,30,27,87,偏西風,3,2,35,短暫陣雨或雷雨,36,30,70,2018-07-01
高雄市,甲仙區,6403300,2018-07-01,12:00:00,31,30,89,偏西風,3,2,37,短暫陣雨或雷雨,36,70,70,2018-07-01
高雄市,甲仙區,6403300,2018-07-01,15:00:00,30,29,91,偏北風,1,<= 1,35,短暫陣雨或雷雨,36,70,70,2018-07-01
高雄市,甲仙區,6403300,2018-07-01,18:00:00,26,25,92,偏東風,1,<= 1,30,短暫陣雨或雷雨,36,30,60,2018-07-01
高雄市,甲仙區,6403300,2018-07-01,21:00:00,24,24,97,偏東風,2,2,28,短暫陣雨或雷雨,36,30,60,2018-07-01
高雄市,甲仙區,6403300,2018-07-02,00:00:00,24,23,95,東南風,2,2,26,短暫陣雨或雷雨,36,60,60,2018-07-01
高雄市,甲仙區,6403300,2018-07-02,03:00:00,23,22,92,偏東風,3,2,25,短暫陣雨或雷雨,36,60,60,2018-07-01
高雄市,甲仙區,6403300,2018-07-02,06:00:00,23,21,89,東南風,2,<= 1,24,短暫陣雨或雷雨,36,70,70,2018-07-01
高雄市,甲仙區,6403300,2018-07-02,09:00:00,29,27,88,西南風,3,2,33,多雲,02,70,70,2018-07-01
高雄市,甲仙區,6403300,2018-07-02,12:00:00,31,28,86,偏東風,3,2,35,午後短暫雷陣雨,36,70,70,2018-07-01
高雄市,甲仙區,6403300,2018-07-02,15:00:00,30,27,85,偏南風,2,<= 1,34,午後短暫雷陣雨,36,70,70,2018-07-01
高雄市,甲仙區,6403300,2018-07-02,18:00:00,26,24,89,東南風,3,2,29,多雲,02,20,20,2018-07-01
高雄市,甲仙區,6403300,2018-07-02,21:00:00,24,23,92,東南風,1,<= 1,26,多雲,02,20,20,2018-07-01
高雄市,甲仙區,6403300,2018-07-03,00:00:00,23,22,91,偏東風,2,<= 1,26,陰,03,20,20,2018-07-01
高雄市,甲仙區,6403300,2018-07-03,03:00:00,23,21,91,偏東風,1,<= 1,25,多雲,02,20,20,2018-07-01
高雄市,甲仙區,6403300,2018-07-03,06:00:00,23,21,89,東南風,2,<= 1,25,短暫陣雨或雷雨,36,50,70,2018-07-01
高雄市,甲仙區,6403300,2018-07-03,09:00:00,30,28,88,西南風,4,3,35,多雲,02,50,70,2018-07-01
高雄市,甲仙區,6403300,2018-07-03,12:00:00,32,31,94,偏南風,2,<= 1,37,午後短暫雷陣雨,36,70,70,2018-07-01
高雄市,甲仙區,6403300,2018-07-03,15:00:00,31,31,98,偏南風,2,2,37,多雲,02,70,70,2018-07-01
高雄市,甲仙區,6403300,2018-07-03,18:00:00,27,26,97,東南風,3,2,30,多雲,02,0,20,2018-07-01
高雄市,甲仙區,6403300,2018-07-03,21:00:00,24,23,94,東南風,2,<= 1,26,多雲,02,0,20,2018-07-01
高雄市,甲仙區,6403300,2018-07-04,00:00:00,24,22,89,偏東風,1,<= 1,26,晴,01,20,20,2018-07-01
高雄市,甲仙區,6403300,2018-07-04,03:00:00,23,21,87,偏東風,1,<= 1,25,多雲,02,20,20,2018-07-01
