<?xml version="1.0" encoding="utf-8"?>
<cwbopendata xmlns="urn:cwb:gov:tw:cwbcommon:0.1">
  <identifier>ccf5a341-53eb-49bc-a5d5-00d8110f7e51</identifier>
  <sender>weather@cwb.gov.tw</sender>
  <sent>2018-07-21T13:42:10+08:00</sent>
  <status>Actual</status>
  <scope>Public</scope>
  <msgType>Issue</msgType>
  <dataid>null</dataid>
  <source>MFC</source>
  <dataset>
    <datasetInfo>
      <datasetDescription>臺灣各縣市鄉鎮未來1週逐24小時天氣預報</datasetDescription>
      <datasetLanguage>zh-TW</datasetLanguage>
      <issueTime>2018-07-21T11:00:00+08:00</issueTime>
      <validTime>
        <startTime>2018-07-21T12:00:00+08:00</startTime>
        <endTime>2018-07-29T11:00:00+08:00</endTime>
      </validTime>
      <update>2018-07-21T13:42:10+08:00</update>
    </datasetInfo>
    <locations>
      <locationsName>嘉義市</locationsName>
      <location>
        <locationName>東區</locationName>
        <geocode>1002001</geocode>
        <lat>23.480384</lat>
        <lon>120.445361</lon>
        <weatherElement>
          <elementName>T</elementName>
          <description>平均溫度</description>
          <time>
            <startTime>2018-07-21T12:00:00+08:00</startTime>
            <endTime>2018-07-22T00:00:00+08:00</endTime>
            <elementValue>
              <value>30</value>
              <measures>攝氏度</measures>
            </elementValue>
          </time>
          <time>
            <startTime>2018-07-22T00:00:00+08:00</startTime>
            <endTime>2018-07-23T00:00:00+08:00</endTime>
            <elementValue>
              <value>29</value>
              <measures>攝氏度</measures>
            </elementValue>
          </time>
          <time>
            <startTime>2018-07-23T00:00:00+08:00</startTime>
            <endTime>2018-07-24T00:00:00+08:00</endTime>
            <elementValue>
              <value>30</value>
              <measures>攝氏度</measures>
            </elementValue>
          </time>
          <time>
            <startTime>2018-07-24T00:00:00+08:00</startTime>
            <endTime>2018-07-25T00:00:00+08:00</endTime>
            <elementValue>
              <value>29</value>
              <measures>攝氏度</measures>
            </elementValue>
          </time>
          <time>
            <startTime>2018-07-25T00:00:00+08:00</startTime>
            <endTime>2018-07-26T00:00:00+08:00</endTime>
            <elementValue>
              <value>29</value>
              <measures>攝氏度</measures>
            </elementValue>
          </time>
          <time>
            <startTime>2018-07-26T00:00:00+08:00</startTime>
            <endTime>2018-07-27T00:00:00+08:00</endTime>
            <elementValue>
              <value>29</value>
              <measures>攝氏度</measures>
            </elementValue>
          </time>
          <time>
            <startTime>2018-07-27T00:00:00+08:00</startTime>
            <endTime>2018-07-28T00:00:00+08:00</endTime>
            <elementValue>
              <value>29</value>
              <measures>攝氏度</measures>
            </elementValue>
          </time>
        </weatherElement>
        <weatherElement>
          <elementName>Td</elementName>
          <description>平均露點溫度</description>
          <time>
            <startTime>2018-07-21T12:00:00+08:00</startTime>
            <endTime>2018-07-22T00:00:00+08:00</endTime>
            <elementValue>
              <value>27</value>
              <measures>攝氏度</measures>
            </elementValue>
          </time>
          <time>
            <startTime>2018-07-22T00:00:00+08:00</startTime>
            <endTime>2018-07-23T00:00:00+08:00</endTime>
            <elementValue>
              <value>26</value>
              <measures>攝氏度</measures>
            </elementValue>
          </time>
          <time>
            <startTime>2018-07-23T00:00:00+08:00</startTime>
            <endTime>2018-07-24T00:00:00+08:00</endTime>
            <elementValue>
              <value>27</value>
              <measures>攝氏度</measures>
            </elementValue>
          </time>
          <time>
            <startTime>2018-07-24T00:00:00+08:00</startTime>
            <endTime>2018-07-25T00:00:00+08:00</endTime>
            <elementValue>
              <value>26</value>
              <measures>攝氏度</measures>
            </elementValue>
          </time>
          <time>
            <startTime>2018-07-25T00:00:00+08:00</startTime>
            <endTime>2018-07-26T00:00:00+08:00</endTime>
            <elementValue>
              <value>27</value>
              <measures>攝氏度</measures>
            </elementValue>
          </time>
          <time>
            <startTime>2018-07-26T00:00:00+08:00</startTime>
            <endTime>2018-07-27T00:00:00+08:00</endTime>
            <elementValue>
              <value>27</value>
              <measures>攝氏度</measures>
            </elementValue>
          </time>
          <time>
            <startTime>2018-07-27T00:00:00+08:00</startTime>
            <endTime>2018-07-28T00:00:00+08:00</endTime>
            <elementValue>
              <value>27</value>
              <measures>攝氏度</measures>
            </elementValue>
          </time>
        </weatherElement>
        <weatherElement>
          <elementName>RH</elementName>
          <description>平均相對濕度</description>
          <time>
            <startTime>2018-07-21T12:00:00+08:00</startTime>
            <endTime>2018-07-22T00:00:00+08:00</endTime>
            <elementValue>
              <value>85</value>
              <measures>百分比</measures>
            </elementValue>
          </time>
          <time>
            <startTime>2018-07-22T00:00:00+08:00</startTime>
            <endTime>2018-07-23T00:00:00+08:00</endTime>
            <elementValue>
              <value>85</value>
              <measures>百分比</measures>
            </elementValue>
          </time>
          <time>
            <startTime>2018-07-23T00:00:00+08:00</startTime>
            <endTime>2018-07-24T00:00:00+08:00</endTime>
            <elementValue>
              <value>86</value>
              <measures>百分比</measures>
            </elementValue>
          </time>
          <time>
            <startTime>2018-07-24T00:00:00+08:00</startTime>
            <endTime>2018-07-25T00:00:00+08:00</endTime>
            <elementValue>
              <value>84</value>
              <measures>百分比</measures>
            </elementValue>
          </time>
          <time>
            <startTime>2018-07-25T00:00:00+08:00</startTime>
            <endTime>2018-07-26T00:00:00+08:00</endTime>
            <elementValue>
              <value>90</value>
              <measures>百分比</measures>
            </elementValue>
          </time>
          <time>
            <startTime>2018-07-26T00:00:00+08:00</startTime>
            <endTime>2018-07-27T00:00:00+08:00</endTime>
            <elementValue>
              <value>88</value>
              <measures>百分比</measures>
            </elementValue>
          </time>
          <time>
            <startTime>2018-07-27T00:00:00+08:00</startTime>
            <endTime>2018-07-28T00:00:00+08:00</endTime>
            <elementValue>
              <value>89</value>
              <measures>百分比</measures>
            </elementValue>
          </time>
        </weatherElement>
        <weatherElement>
          <elementName>MaxT</elementName>
          <description>最高溫度</description>
          <time>
            <startTime>2018-07-21T12:00:00+08:00</startTime>
            <endTime>2018-07-22T00:00:00+08:00</endTime>
            <elementValue>
              <value>33</value>
              <measures>攝氏度</measures>
            </elementValue>
          </time>
          <time>
            <startTime>2018-07-22T00:00:00+08:00</startTime>
            <endTime>2018-07-23T00:00:00+08:00</endTime>
            <elementValue>
              <value>34</value>
              <measures>攝氏度</measures>
            </elementValue>
          </time>
          <time>
            <startTime>2018-07-23T00:00:00+08:00</startTime>
            <endTime>2018-07-24T00:00:00+08:00</endTime>
            <elementValue>
              <value>34</value>
              <measures>攝氏度</measures>
            </elementValue>
          </time>
          <time>
            <startTime>2018-07-24T00:00:00+08:00</startTime>
            <endTime>2018-07-25T00:00:00+08:00</endTime>
            <elementValue>
              <value>33</value>
              <measures>攝氏度</measures>
            </elementValue>
          </time>
          <time>
            <startTime>2018-07-25T00:00:00+08:00</startTime>
            <endTime>2018-07-26T00:00:00+08:00</endTime>
            <elementValue>
              <value>33</value>
              <measures>攝氏度</measures>
            </elementValue>
          </time>
          <time>
            <startTime>2018-07-26T00:00:00+08:00</startTime>
            <endTime>2018-07-27T00:00:00+08:00</endTime>
            <elementValue>
              <value>34</value>
              <measures>攝氏度</measures>
            </elementValue>
          </time>
          <time>
            <startTime>2018-07-27T00:00:00+08:00</startTime>
            <endTime>2018-07-28T00:00:00+08:00</endTime>
            <elementValue>
              <value>34</value>
              <measures>攝氏度</measures>
            </elementValue>
          </time>
        </weatherElement>
        <weatherElement>
          <elementName>MinT</elementName>
          <description>最低溫度</description>
          <time>
            <startTime>2018-07-21T12:00:00+08:00</startTime>
            <endTime>2018-07-22T00:00:00+08:00</endTime>
            <elementValue>
              <value>27</value>
              <measures>攝氏度</measures>
            </elementValue>
          </time>
          <time>
            <startTime>2018-07-22T00:00:00+08:00</startTime>
            <endTime>2018-07-23T00:00:00+08:00</endTime>
            <elementValue>
              <value>26</value>
              <measures>攝氏度</measures>
            </elementValue>
          </time>
          <time>
            <startTime>2018-07-23T00:00:00+08:00</startTime>
            <endTime>2018-07-24T00:00:00+08:00</endTime>
            <elementValue>
              <value>26</value>
              <measures>攝氏度</measures>
            </elementValue>
          </time>
          <time>
            <startTime>2018-07-24T00:00:00+08:00</startTime>
            <endTime>2018-07-25T00:00:00+08:00</endTime>
            <elementValue>
              <value>26</value>
              <measures>攝氏度</measures>
            </elementValue>
          </time>
          <time>
            <startTime>2018-07-25T00:00:00+08:00</startTime>
            <endTime>2018-07-26T00:00:00+08:00</endTime>
            <elementValue>
              <value>26</value>
              <measures>攝氏度</measures>
            </elementValue>
          </time>
          <time>
            <startTime>2018-07-26T00:00:00+08:00</startTime>
            <endTime>2018-07-27T00:00:00+08:00</endTime>
            <elementValue>
              <value>25</value>
              <measures>攝氏度</measures>
            </elementValue>
          </time>
          <time>
            <startTime>2018-07-27T00:00:00+08:00</startTime>
            <endTime>2018-07-28T00:00:00+08:00</endTime>
            <elementValue>
              <value>26</value>
              <measures>攝氏度</measures>
            </elementValue>
          </time>
        </weatherElement>
        <weatherElement>
          <elementName>MaxAT</elementName>
          <description>最高體感溫度</description>
          <time>
            <startTime>2018-07-21T12:00:00+08:00</startTime>
            <endTime>2018-07-22T00:00:00+08:00</endTime>
            <elementValue>
              <value>39</value>
              <measures>攝氏度</measures>
            </elementValue>
          </time>
          <time>
            <startTime>2018-07-22T00:00:00+08:00</startTime>
            <endTime>2018-07-23T00:00:00+08:00</endTime>
            <elementValue>
              <value>39</value>
              <measures>攝氏度</measures>
            </elementValue>
          </time>
          <time>
            <startTime>2018-07-23T00:00:00+08:00</startTime>
            <endTime>2018-07-24T00:00:00+08:00</endTime>
            <elementValue>
              <value>40</value>
              <measures>攝氏度</measures>
            </elementValue>
          </time>
          <time>
            <startTime>2018-07-24T00:00:00+08:00</startTime>
            <endTime>2018-07-25T00:00:00+08:00</endTime>
            <elementValue>
              <value>39</value>
              <measures>攝氏度</measures>
            </elementValue>
          </time>
          <time>
            <startTime>2018-07-25T00:00:00+08:00</startTime>
            <endTime>2018-07-26T00:00:00+08:00</endTime>
            <elementValue>
              <value>39</value>
              <measures>攝氏度</measures>
            </elementValue>
          </time>
          <time>
            <startTime>2018-07-26T00:00:00+08:00</startTime>
            <endTime>2018-07-27T00:00:00+08:00</endTime>
            <elementValue>
              <value>40</value>
              <measures>攝氏度</measures>
            </elementValue>
          </time>
          <time>
            <startTime>2018-07-27T00:00:00+08:00</startTime>
            <endTime>2018-07-28T00:00:00+08:00</endTime>
            <elementValue>
              <value>41</value>
              <measures>攝氏度</measures>
            </elementValue>
          </time>
        </weatherElement>
        <weatherElement>
          <elementName>MinAT</elementName>
          <description>最低體感溫度</description>
          <time>
            <startTime>2018-07-21T12:00:00+08:00</startTime>
            <endTime>2018-07-22T00:00:00+08:00</endTime>
            <elementValue>
              <value>32</value>
              <measures>攝氏度</measures>
            </elementValue>
          </time>
          <time>
            <startTime>2018-07-22T00:00:00+08:00</startTime>
            <endTime>2018-07-23T00:00:00+08:00</endTime>
            <elementValue>
              <value>29</value>
              <measures>攝氏度</measures>
            </elementValue>
          </time>
          <time>
            <startTime>2018-07-23T00:00:00+08:00</startTime>
            <endTime>2018-07-24T00:00:00+08:00</endTime>
            <elementValue>
              <value>29</value>
              <measures>攝氏度</measures>
            </elementValue>
          </time>
          <time>
            <startTime>2018-07-24T00:00:00+08:00</startTime>
            <endTime>2018-07-25T00:00:00+08:00</endTime>
            <elementValue>
              <value>29</value>
              <measures>攝氏度</measures>
            </elementValue>
          </time>
          <time>
            <startTime>2018-07-25T00:00:00+08:00</startTime>
            <endTime>2018-07-26T00:00:00+08:00</endTime>
            <elementValue>
              <value>29</value>
              <measures>攝氏度</measures>
            </elementValue>
          </time>
          <time>
            <startTime>2018-07-26T00:00:00+08:00</startTime>
            <endTime>2018-07-27T00:00:00+08:00</endTime>
            <elementValue>
              <value>29</value>
              <measures>攝氏度</measures>
            </elementValue>
          </time>
          <time>
            <startTime>2018-07-27T00:00:00+08:00</startTime>
            <endTime>2018-07-28T00:00:00+08:00</endTime>
            <elementValue>
              <value>29</value>
              <measures>攝氏度</measures>
            </elementValue>
          </time>
        </weatherElement>
        <weatherElement>
          <elementName>MaxCI</elementName>
          <description>最大舒適度指數</description>
          <time>
            <startTime>2018-07-21T12:00:00+08:00</startTime>
            <endTime>2018-07-22T00:00:00+08:00</endTime>
            <elementValue>
              <value>31</value>
              <measures>NA</measures>
            </elementValue>
          </time>
          <time>
            <startTime>2018-07-22T00:00:00+08:00</startTime>
            <endTime>2018-07-23T00:00:00+08:00</endTime>
            <elementValue>
              <value>31</value>
              <measures>NA</measures>
            </elementValue>
          </time>
          <time>
            <startTime>2018-07-23T00:00:00+08:00</startTime>
            <endTime>2018-07-24T00:00:00+08:00</endTime>
            <elementValue>
              <value>32</value>
              <measures>NA</measures>
            </elementValue>
          </time>
          <time>
            <startTime>2018-07-24T00:00:00+08:00</startTime>
            <endTime>2018-07-25T00:00:00+08:00</endTime>
            <elementValue>
              <value>32</value>
              <measures>NA</measures>
            </elementValue>
          </time>
          <time>
            <startTime>2018-07-25T00:00:00+08:00</startTime>
            <endTime>2018-07-26T00:00:00+08:00</endTime>
            <elementValue>
              <value>32</value>
              <measures>NA</measures>
            </elementValue>
          </time>
          <time>
            <startTime>2018-07-26T00:00:00+08:00</startTime>
            <endTime>2018-07-27T00:00:00+08:00</endTime>
            <elementValue>
              <value>32</value>
              <measures>NA</measures>
            </elementValue>
          </time>
          <time>
            <startTime>2018-07-27T00:00:00+08:00</startTime>
            <endTime>2018-07-28T00:00:00+08:00</endTime>
            <elementValue>
              <value>32</value>
              <measures>NA</measures>
            </elementValue>
          </time>
        </weatherElement>
        <weatherElement>
          <elementName>MinCI</elementName>
          <description>最小舒適度指數</description>
          <time>
            <startTime>2018-07-21T12:00:00+08:00</startTime>
            <endTime>2018-07-22T00:00:00+08:00</endTime>
            <elementValue>
              <value>27</value>
              <measures>NA</measures>
            </elementValue>
          </time>
          <time>
            <startTime>2018-07-22T00:00:00+08:00</startTime>
            <endTime>2018-07-23T00:00:00+08:00</endTime>
            <elementValue>
              <value>25</value>
              <measures>NA</measures>
            </elementValue>
          </time>
          <time>
            <startTime>2018-07-23T00:00:00+08:00</startTime>
            <endTime>2018-07-24T00:00:00+08:00</endTime>
            <elementValue>
              <value>25</value>
              <measures>NA</measures>
            </elementValue>
          </time>
          <time>
            <startTime>2018-07-24T00:00:00+08:00</startTime>
            <endTime>2018-07-25T00:00:00+08:00</endTime>
            <elementValue>
              <value>25</value>
              <measures>NA</measures>
            </elementValue>
          </time>
          <time>
            <startTime>2018-07-25T00:00:00+08:00</startTime>
            <endTime>2018-07-26T00:00:00+08:00</endTime>
            <elementValue>
              <value>25</value>
              <measures>NA</measures>
            </elementValue>
          </time>
          <time>
            <startTime>2018-07-26T00:00:00+08:00</startTime>
            <endTime>2018-07-27T00:00:00+08:00</endTime>
            <elementValue>
              <value>25</value>
              <measures>NA</measures>
            </elementValue>
          </time>
          <time>
            <startTime>2018-07-27T00:00:00+08:00</startTime>
            <endTime>2018-07-28T00:00:00+08:00</endTime>
            <elementValue>
              <value>25</value>
              <measures>NA</measures>
            </elementValue>
          </time>
        </weatherElement>
        <weatherElement>
          <elementName>PoP24h</elementName>
          <description>24小時降雨機率</description>
          <time>
            <startTime>2018-07-21T12:00:00+08:00</startTime>
            <endTime>2018-07-22T00:00:00+08:00</endTime>
            <elementValue>
              <value>40</value>
              <measures>百分比</measures>
            </elementValue>
          </time>
          <time>
            <startTime>2018-07-22T00:00:00+08:00</startTime>
            <endTime>2018-07-23T00:00:00+08:00</endTime>
            <elementValue>
              <value>40</value>
              <measures>百分比</measures>
            </elementValue>
          </time>
          <time>
            <startTime>2018-07-23T00:00:00+08:00</startTime>
            <endTime>2018-07-24T00:00:00+08:00</endTime>
            <elementValue>
              <value>20</value>
              <measures>百分比</measures>
            </elementValue>
          </time>
          <time>
            <startTime>2018-07-24T00:00:00+08:00</startTime>
            <endTime>2018-07-25T00:00:00+08:00</endTime>
            <elementValue>
              <value>40</value>
              <measures>百分比</measures>
            </elementValue>
          </time>
          <time>
            <startTime>2018-07-25T00:00:00+08:00</startTime>
            <endTime>2018-07-26T00:00:00+08:00</endTime>
            <elementValue>
              <value>20</value>
              <measures>百分比</measures>
            </elementValue>
          </time>
          <time>
            <startTime>2018-07-26T00:00:00+08:00</startTime>
            <endTime>2018-07-27T00:00:00+08:00</endTime>
            <elementValue>
              <value> </value>
              <measures>百分比</measures>
            </elementValue>
          </time>
          <time>
            <startTime>2018-07-27T00:00:00+08:00</startTime>
            <endTime>2018-07-28T00:00:00+08:00</endTime>
            <elementValue>
              <value> </value>
              <measures>百分比</measures>
            </elementValue>
          </time>
        </weatherElement>
        <weatherElement>
          <elementName>WD</elementName>
          <description>風向</description>
          <time>
            <startTime>2018-07-21T12:00:00+08:00</startTime>
            <endTime>2018-07-22T00:00:00+08:00</endTime>
            <elementValue>
              <value>偏北風</value>
              <measures>16方位</measures>
            </elementValue>
          </time>
          <time>
            <startTime>2018-07-22T00:00:00+08:00</startTime>
            <endTime>2018-07-23T00:00:00+08:00</endTime>
            <elementValue>
              <value>偏南風</value>
              <measures>16方位</measures>
            </elementValue>
          </time>
          <time>
            <startTime>2018-07-23T00:00:00+08:00</startTime>
            <endTime>2018-07-24T00:00:00+08:00</endTime>
            <elementValue>
              <value>偏南風</value>
              <measures>16方位</measures>
            </elementValue>
          </time>
          <time>
            <startTime>2018-07-24T00:00:00+08:00</startTime>
            <endTime>2018-07-25T00:00:00+08:00</endTime>
            <elementValue>
              <value>偏南風</value>
              <measures>16方位</measures>
            </elementValue>
          </time>
          <time>
            <startTime>2018-07-25T00:00:00+08:00</startTime>
            <endTime>2018-07-26T00:00:00+08:00</endTime>
            <elementValue>
              <value>東南風</value>
              <measures>16方位</measures>
            </elementValue>
          </time>
          <time>
            <startTime>2018-07-26T00:00:00+08:00</startTime>
            <endTime>2018-07-27T00:00:00+08:00</endTime>
            <elementValue>
              <value>偏北風</value>
              <measures>16方位</measures>
            </elementValue>
          </time>
          <time>
            <startTime>2018-07-27T00:00:00+08:00</startTime>
            <endTime>2018-07-28T00:00:00+08:00</endTime>
            <elementValue>
              <value>偏北風</value>
              <measures>16方位</measures>
            </elementValue>
          </time>
        </weatherElement>
        <weatherElement>
          <elementName>WS</elementName>
          <description>最大風速</description>
          <time>
            <startTime>2018-07-21T12:00:00+08:00</startTime>
            <endTime>2018-07-22T00:00:00+08:00</endTime>
            <elementValue>
              <value>3</value>
              <measures>公尺/秒</measures>
            </elementValue>
            <elementValue>
              <value>2</value>
              <measures>蒲福風級</measures>
            </elementValue>
          </time>
          <time>
            <startTime>2018-07-22T00:00:00+08:00</startTime>
            <endTime>2018-07-23T00:00:00+08:00</endTime>
            <elementValue>
              <value>2</value>
              <measures>公尺/秒</measures>
            </elementValue>
            <elementValue>
              <value>2</value>
              <measures>蒲福風級</measures>
            </elementValue>
          </time>
          <time>
            <startTime>2018-07-23T00:00:00+08:00</startTime>
            <endTime>2018-07-24T00:00:00+08:00</endTime>
            <elementValue>
              <value>3</value>
              <measures>公尺/秒</measures>
            </elementValue>
            <elementValue>
              <value>2</value>
              <measures>蒲福風級</measures>
            </elementValue>
          </time>
          <time>
            <startTime>2018-07-24T00:00:00+08:00</startTime>
            <endTime>2018-07-25T00:00:00+08:00</endTime>
            <elementValue>
              <value>3</value>
              <measures>公尺/秒</measures>
            </elementValue>
            <elementValue>
              <value>2</value>
              <measures>蒲福風級</measures>
            </elementValue>
          </time>
          <time>
            <startTime>2018-07-25T00:00:00+08:00</startTime>
            <endTime>2018-07-26T00:00:00+08:00</endTime>
            <elementValue>
              <value>3</value>
              <measures>公尺/秒</measures>
            </elementValue>
            <elementValue>
              <value>2</value>
              <measures>蒲福風級</measures>
            </elementValue>
          </time>
          <time>
            <startTime>2018-07-26T00:00:00+08:00</startTime>
            <endTime>2018-07-27T00:00:00+08:00</endTime>
            <elementValue>
              <value>3</value>
              <measures>公尺/秒</measures>
            </elementValue>
            <elementValue>
              <value>2</value>
              <measures>蒲福風級</measures>
            </elementValue>
          </time>
          <time>
            <startTime>2018-07-27T00:00:00+08:00</startTime>
            <endTime>2018-07-28T00:00:00+08:00</endTime>
            <elementValue>
              <value>1</value>
              <measures>公尺/秒</measures>
            </elementValue>
            <elementValue>
              <value>&lt;= 1</value>
              <measures>蒲福風級</measures>
            </elementValue>
          </time>
        </weatherElement>
        <weatherElement>
          <elementName>Wx</elementName>
          <description>天氣現象</description>
          <time>
            <startTime>2018-07-21T12:00:00+08:00</startTime>
            <endTime>2018-07-22T00:00:00+08:00</endTime>
            <elementValue>
              <value>多雲時陰短暫陣雨或雷雨</value>
              <measures>自定義 Wx 文字</measures>
            </elementValue>
            <elementValue>
              <value>17</value>
              <measures>自定義 Wx 單位</measures>
            </elementValue>
          </time>
          <time>
            <startTime>2018-07-22T00:00:00+08:00</startTime>
            <endTime>2018-07-23T00:00:00+08:00</endTime>
            <elementValue>
              <value>陰時多雲短暫陣雨或雷雨</value>
              <measures>自定義 Wx 文字</measures>
            </elementValue>
            <elementValue>
              <value>36</value>
              <measures>自定義 Wx 單位</measures>
            </elementValue>
          </time>
          <time>
            <startTime>2018-07-23T00:00:00+08:00</startTime>
            <endTime>2018-07-24T00:00:00+08:00</endTime>
            <elementValue>
              <value>陰天</value>
              <measures>自定義 Wx 文字</measures>
            </elementValue>
            <elementValue>
              <value>03</value>
              <measures>自定義 Wx 單位</measures>
            </elementValue>
          </time>
          <time>
            <startTime>2018-07-24T00:00:00+08:00</startTime>
            <endTime>2018-07-25T00:00:00+08:00</endTime>
            <elementValue>
              <value>陰短暫陣雨或雷雨</value>
              <measures>自定義 Wx 文字</measures>
            </elementValue>
            <elementValue>
              <value>36</value>
              <measures>自定義 Wx 單位</measures>
            </elementValue>
          </time>
          <time>
            <startTime>2018-07-25T00:00:00+08:00</startTime>
            <endTime>2018-07-26T00:00:00+08:00</endTime>
            <elementValue>
              <value>多雲短暫陣雨或雷雨</value>
              <measures>自定義 Wx 文字</measures>
            </elementValue>
            <elementValue>
              <value>17</value>
              <measures>自定義 Wx 單位</measures>
            </elementValue>
          </time>
          <time>
            <startTime>2018-07-26T00:00:00+08:00</startTime>
            <endTime>2018-07-27T00:00:00+08:00</endTime>
            <elementValue>
              <value>多雲短暫陣雨或雷雨</value>
              <measures>自定義 Wx 文字</measures>
            </elementValue>
            <elementValue>
              <value>17</value>
              <measures>自定義 Wx 單位</measures>
            </elementValue>
          </time>
          <time>
            <startTime>2018-07-27T00:00:00+08:00</startTime>
            <endTime>2018-07-28T00:00:00+08:00</endTime>
            <elementValue>
              <value>多雲短暫陣雨或雷雨</value>
              <measures>自定義 Wx 文字</measures>
            </elementValue>
            <elementValue>
              <value>17</value>
              <measures>自定義 Wx 單位</measures>
            </elementValue>
          </time>
        </weatherElement>
        <weatherElement>
          <elementName>UVI</elementName>
          <description>紫外獻指數</description>
          <time>
            <startTime>2018-07-21T06:00:00+08:00</startTime>
            <endTime>2018-07-21T18:00:00+08:00</endTime>
            <elementValue>
              <value>8</value>
              <measures>紫外線指數</measures>
            </elementValue>
            <elementValue>
              <value>過量級</value>
              <measures>曝曬級數</measures>
            </elementValue>
          </time>
          <time>
            <startTime>2018-07-22T06:00:00+08:00</startTime>
            <endTime>2018-07-22T18:00:00+08:00</endTime>
            <elementValue>
              <value>9</value>
              <measures>紫外線指數</measures>
            </elementValue>
            <elementValue>
              <value>過量級</value>
              <measures>曝曬級數</measures>
            </elementValue>
          </time>
          <time>
            <startTime>2018-07-23T06:00:00+08:00</startTime>
            <endTime>2018-07-23T18:00:00+08:00</endTime>
            <elementValue>
              <value>8</value>
              <measures>紫外線指數</measures>
            </elementValue>
            <elementValue>
              <value>過量級</value>
              <measures>曝曬級數</measures>
            </elementValue>
          </time>
          <time>
            <startTime>2018-07-24T06:00:00+08:00</startTime>
            <endTime>2018-07-24T18:00:00+08:00</endTime>
            <elementValue>
              <value>8</value>
              <measures>紫外線指數</measures>
            </elementValue>
            <elementValue>
              <value>高量級</value>
              <measures>曝曬級數</measures>
            </elementValue>
          </time>
          <time>
            <startTime>2018-07-25T06:00:00+08:00</startTime>
            <endTime>2018-07-25T18:00:00+08:00</endTime>
            <elementValue>
              <value>9</value>
              <measures>紫外線指數</measures>
            </elementValue>
            <elementValue>
              <value>過量級</value>
              <measures>曝曬級數</measures>
            </elementValue>
          </time>
          <time>
            <startTime>2018-07-26T06:00:00+08:00</startTime>
            <endTime>2018-07-26T18:00:00+08:00</endTime>
            <elementValue>
              <value>9</value>
              <measures>紫外線指數</measures>
            </elementValue>
            <elementValue>
              <value>過量級</value>
              <measures>曝曬級數</measures>
            </elementValue>
          </time>
          <time>
            <startTime>2018-07-27T06:00:00+08:00</startTime>
            <endTime>2018-07-27T18:00:00+08:00</endTime>
            <elementValue>
              <value>9</value>
              <measures>紫外線指數</measures>
            </elementValue>
            <elementValue>
              <value>過量級</value>
              <measures>曝曬級數</measures>
            </elementValue>
          </time>
          <time>
            <startTime>2018-07-28T06:00:00+08:00</startTime>
            <endTime>2018-07-28T18:00:00+08:00</endTime>
            <elementValue>
              <value>9</value>
              <measures>紫外線指數</measures>
            </elementValue>
            <elementValue>
              <value>過量級</value>
              <measures>曝曬級數</measures>
            </elementValue>
          </time>
        </weatherElement>
        <weatherElement>
          <elementName>WeatherDescription</elementName>
          <description>天氣預報綜合描述</description>
          <time>
            <startTime>2018-07-21T12:00:00+08:00</startTime>
            <endTime>2018-07-22T00:00:00+08:00</endTime>
            <elementValue>
              <value>多雲時陰短暫陣雨或雷雨。降雨機率 40%。溫度攝氏27至33度。悶熱至易中暑。偏北風 風速2級(每秒3公尺)。相對濕度85%。</value>
              <measures>NA</measures>
            </elementValue>
          </time>
          <time>
            <startTime>2018-07-22T00:00:00+08:00</startTime>
            <endTime>2018-07-23T00:00:00+08:00</endTime>
            <elementValue>
              <value>陰時多雲短暫陣雨或雷雨。降雨機率 40%。溫度攝氏26至34度。舒適至易中暑。偏南風 風速2級(每秒2公尺)。相對濕度85%。</value>
              <measures>NA</measures>
            </elementValue>
          </time>
          <time>
            <startTime>2018-07-23T00:00:00+08:00</startTime>
            <endTime>2018-07-24T00:00:00+08:00</endTime>
            <elementValue>
              <value>陰天。降雨機率 20%。溫度攝氏26至34度。舒適至易中暑。偏南風 風速2級(每秒3公尺)。相對濕度86%。</value>
              <measures>NA</measures>
            </elementValue>
          </time>
          <time>
            <startTime>2018-07-24T00:00:00+08:00</startTime>
            <endTime>2018-07-25T00:00:00+08:00</endTime>
            <elementValue>
              <value>陰短暫陣雨或雷雨。降雨機率 40%。溫度攝氏26至33度。舒適至易中暑。偏南風 風速2級(每秒3公尺)。相對濕度84%。</value>
              <measures>NA</measures>
            </elementValue>
          </time>
          <time>
            <startTime>2018-07-25T00:00:00+08:00</startTime>
            <endTime>2018-07-26T00:00:00+08:00</endTime>
            <elementValue>
              <value>多雲短暫陣雨或雷雨。降雨機率 20%。溫度攝氏26至33度。舒適至易中暑。東南風 風速2級(每秒3公尺)。相對濕度90%。</value>
              <measures>NA</measures>
            </elementValue>
          </time>
          <time>
            <startTime>2018-07-26T00:00:00+08:00</startTime>
            <endTime>2018-07-27T00:00:00+08:00</endTime>
            <elementValue>
              <value>多雲短暫陣雨或雷雨。溫度攝氏25至34度。舒適至易中暑。偏北風 風速2級(每秒3公尺)。相對濕度88%。</value>
              <measures>NA</measures>
            </elementValue>
          </time>
          <time>
            <startTime>2018-07-27T00:00:00+08:00</startTime>
            <endTime>2018-07-28T00:00:00+08:00</endTime>
            <elementValue>
              <value>多雲短暫陣雨或雷雨。溫度攝氏26至34度。舒適至易中暑。偏北風 風速&lt;= 1級(每秒1公尺)。相對濕度89%。</value>
              <measures>NA</measures>
            </elementValue>
          </time>
        </weatherElement>
      </location>
      <location>
        <locationName>西區</locationName>
        <geocode>1002002</geocode>
        <lat>23.466267</lat>
        <lon>120.427285</lon>
        <weatherElement>
          <elementName>T</elementName>
          <description>平均溫度</description>
          <time>
            <startTime>2018-07-21T12:00:00+08:00</startTime>
            <endTime>2018-07-22T00:00:00+08:00</endTime>
            <elementValue>
              <value>30</value>
              <measures>攝氏度</measures>
            </elementValue>
          </time>
          <time>
            <startTime>2018-07-22T00:00:00+08:00</startTime>
            <endTime>2018-07-23T00:00:00+08:00</endTime>
            <elementValue>
              <value>29</value>
              <measures>攝氏度</measures>
            </elementValue>
          </time>
          <time>
            <startTime>2018-07-23T00:00:00+08:00</startTime>
            <endTime>2018-07-24T00:00:00+08:00</endTime>
            <elementValue>
              <value>30</value>
              <measures>攝氏度</measures>
            </elementValue>
          </time>
          <time>
            <startTime>2018-07-24T00:00:00+08:00</startTime>
            <endTime>2018-07-25T00:00:00+08:00</endTime>
            <elementValue>
              <value>29</value>
              <measures>攝氏度</measures>
            </elementValue>
          </time>
          <time>
            <startTime>2018-07-25T00:00:00+08:00</startTime>
            <endTime>2018-07-26T00:00:00+08:00</endTime>
            <elementValue>
              <value>29</value>
              <measures>攝氏度</measures>
            </elementValue>
          </time>
          <time>
            <startTime>2018-07-26T00:00:00+08:00</startTime>
            <endTime>2018-07-27T00:00:00+08:00</endTime>
            <elementValue>
              <value>30</value>
              <measures>攝氏度</measures>
            </elementValue>
          </time>
          <time>
            <startTime>2018-07-27T00:00:00+08:00</startTime>
            <endTime>2018-07-28T00:00:00+08:00</endTime>
            <elementValue>
              <value>30</value>
              <measures>攝氏度</measures>
            </elementValue>
          </time>
        </weatherElement>
        <weatherElement>
          <elementName>Td</elementName>
          <description>平均露點溫度</description>
          <time>
            <startTime>2018-07-21T12:00:00+08:00</startTime>
            <endTime>2018-07-22T00:00:00+08:00</endTime>
            <elementValue>
              <value>26</value>
              <measures>攝氏度</measures>
            </elementValue>
          </time>
          <time>
            <startTime>2018-07-22T00:00:00+08:00</startTime>
            <endTime>2018-07-23T00:00:00+08:00</endTime>
            <elementValue>
              <value>26</value>
              <measures>攝氏度</measures>
            </elementValue>
          </time>
          <time>
            <startTime>2018-07-23T00:00:00+08:00</startTime>
            <endTime>2018-07-24T00:00:00+08:00</endTime>
            <elementValue>
              <value>27</value>
              <measures>攝氏度</measures>
            </elementValue>
          </time>
          <time>
            <startTime>2018-07-24T00:00:00+08:00</startTime>
            <endTime>2018-07-25T00:00:00+08:00</endTime>
            <elementValue>
              <value>27</value>
              <measures>攝氏度</measures>
            </elementValue>
          </time>
          <time>
            <startTime>2018-07-25T00:00:00+08:00</startTime>
            <endTime>2018-07-26T00:00:00+08:00</endTime>
            <elementValue>
              <value>27</value>
              <measures>攝氏度</measures>
            </elementValue>
          </time>
          <time>
            <startTime>2018-07-26T00:00:00+08:00</startTime>
            <endTime>2018-07-27T00:00:00+08:00</endTime>
            <elementValue>
              <value>27</value>
              <measures>攝氏度</measures>
            </elementValue>
          </time>
          <time>
            <startTime>2018-07-27T00:00:00+08:00</startTime>
            <endTime>2018-07-28T00:00:00+08:00</endTime>
            <elementValue>
              <value>27</value>
              <measures>攝氏度</measures>
            </elementValue>
          </time>
        </weatherElement>
        <weatherElement>
          <elementName>RH</elementName>
          <description>平均相對濕度</description>
          <time>
            <startTime>2018-07-21T12:00:00+08:00</startTime>
            <endTime>2018-07-22T00:00:00+08:00</endTime>
            <elementValue>
              <value>82</value>
              <measures>百分比</measures>
            </elementValue>
          </time>
          <time>
            <startTime>2018-07-22T00:00:00+08:00</startTime>
            <endTime>2018-07-23T00:00:00+08:00</endTime>
            <elementValue>
              <value>85</value>
              <measures>百分比</measures>
            </elementValue>
          </time>
          <time>
            <startTime>2018-07-23T00:00:00+08:00</startTime>
            <endTime>2018-07-24T00:00:00+08:00</endTime>
            <elementValue>
              <value>86</value>
              <measures>百分比</measures>
            </elementValue>
          </time>
          <time>
            <startTime>2018-07-24T00:00:00+08:00</startTime>
            <endTime>2018-07-25T00:00:00+08:00</endTime>
            <elementValue>
              <value>84</value>
              <measures>百分比</measures>
            </elementValue>
          </time>
          <time>
            <startTime>2018-07-25T00:00:00+08:00</startTime>
            <endTime>2018-07-26T00:00:00+08:00</endTime>
            <elementValue>
              <value>90</value>
              <measures>百分比</measures>
            </elementValue>
          </time>
          <time>
            <startTime>2018-07-26T00:00:00+08:00</startTime>
            <endTime>2018-07-27T00:00:00+08:00</endTime>
            <elementValue>
              <value>88</value>
              <measures>百分比</measures>
            </elementValue>
          </time>
          <time>
            <startTime>2018-07-27T00:00:00+08:00</startTime>
            <endTime>2018-07-28T00:00:00+08:00</endTime>
            <elementValue>
              <value>88</value>
              <measures>百分比</measures>
            </elementValue>
          </time>
        </weatherElement>
        <weatherElement>
          <elementName>MaxT</elementName>
          <description>最高溫度</description>
          <time>
            <startTime>2018-07-21T12:00:00+08:00</startTime>
            <endTime>2018-07-22T00:00:00+08:00</endTime>
            <elementValue>
              <value>33</value>
              <measures>攝氏度</measures>
            </elementValue>
          </time>
          <time>
            <startTime>2018-07-22T00:00:00+08:00</startTime>
            <endTime>2018-07-23T00:00:00+08:00</endTime>
            <elementValue>
              <value>34</value>
              <measures>攝氏度</measures>
            </elementValue>
          </time>
          <time>
            <startTime>2018-07-23T00:00:00+08:00</startTime>
            <endTime>2018-07-24T00:00:00+08:00</endTime>
            <elementValue>
              <value>34</value>
              <measures>攝氏度</measures>
            </elementValue>
          </time>
          <time>
            <startTime>2018-07-24T00:00:00+08:00</startTime>
            <endTime>2018-07-25T00:00:00+08:00</endTime>
            <elementValue>
              <value>34</value>
              <measures>攝氏度</measures>
            </elementValue>
          </time>
          <time>
            <startTime>2018-07-25T00:00:00+08:00</startTime>
            <endTime>2018-07-26T00:00:00+08:00</endTime>
            <elementValue>
              <value>34</value>
              <measures>攝氏度</measures>
            </elementValue>
          </time>
          <time>
            <startTime>2018-07-26T00:00:00+08:00</startTime>
            <endTime>2018-07-27T00:00:00+08:00</endTime>
            <elementValue>
              <value>34</value>
              <measures>攝氏度</measures>
            </elementValue>
          </time>
          <time>
            <startTime>2018-07-27T00:00:00+08:00</startTime>
            <endTime>2018-07-28T00:00:00+08:00</endTime>
            <elementValue>
              <value>34</value>
              <measures>攝氏度</measures>
            </elementValue>
          </time>
        </weatherElement>
        <weatherElement>
          <elementName>MinT</elementName>
          <description>最低溫度</description>
          <time>
            <startTime>2018-07-21T12:00:00+08:00</startTime>
            <endTime>2018-07-22T00:00:00+08:00</endTime>
            <elementValue>
              <value>27</value>
              <measures>攝氏度</measures>
            </elementValue>
          </time>
          <time>
            <startTime>2018-07-22T00:00:00+08:00</startTime>
            <endTime>2018-07-23T00:00:00+08:00</endTime>
            <elementValue>
              <value>26</value>
              <measures>攝氏度</measures>
            </elementValue>
          </time>
          <time>
            <startTime>2018-07-23T00:00:00+08:00</startTime>
            <endTime>2018-07-24T00:00:00+08:00</endTime>
            <elementValue>
              <value>26</value>
              <measures>攝氏度</measures>
            </elementValue>
          </time>
          <time>
            <startTime>2018-07-24T00:00:00+08:00</startTime>
            <endTime>2018-07-25T00:00:00+08:00</endTime>
            <elementValue>
              <value>26</value>
              <measures>攝氏度</measures>
            </elementValue>
          </time>
          <time>
            <startTime>2018-07-25T00:00:00+08:00</startTime>
            <endTime>2018-07-26T00:00:00+08:00</endTime>
            <elementValue>
              <value>26</value>
              <measures>攝氏度</measures>
            </elementValue>
          </time>
          <time>
            <startTime>2018-07-26T00:00:00+08:00</startTime>
            <endTime>2018-07-27T00:00:00+08:00</endTime>
            <elementValue>
              <value>26</value>
              <measures>攝氏度</measures>
            </elementValue>
          </time>
          <time>
            <startTime>2018-07-27T00:00:00+08:00</startTime>
            <endTime>2018-07-28T00:00:00+08:00</endTime>
            <elementValue>
              <value>26</value>
              <measures>攝氏度</measures>
            </elementValue>
          </time>
        </weatherElement>
        <weatherElement>
          <elementName>MaxAT</elementName>
          <description>最高體感溫度</description>
          <time>
            <startTime>2018-07-21T12:00:00+08:00</startTime>
            <endTime>2018-07-22T00:00:00+08:00</endTime>
            <elementValue>
              <value>38</value>
              <measures>攝氏度</measures>
            </elementValue>
          </time>
          <time>
            <startTime>2018-07-22T00:00:00+08:00</startTime>
            <endTime>2018-07-23T00:00:00+08:00</endTime>
            <elementValue>
              <value>39</value>
              <measures>攝氏度</measures>
            </elementValue>
          </time>
          <time>
            <startTime>2018-07-23T00:00:00+08:00</startTime>
            <endTime>2018-07-24T00:00:00+08:00</endTime>
            <elementValue>
              <value>41</value>
              <measures>攝氏度</measures>
            </elementValue>
          </time>
          <time>
            <startTime>2018-07-24T00:00:00+08:00</startTime>
            <endTime>2018-07-25T00:00:00+08:00</endTime>
            <elementValue>
              <value>39</value>
              <measures>攝氏度</measures>
            </elementValue>
          </time>
          <time>
            <startTime>2018-07-25T00:00:00+08:00</startTime>
            <endTime>2018-07-26T00:00:00+08:00</endTime>
            <elementValue>
              <value>40</value>
              <measures>攝氏度</measures>
            </elementValue>
          </time>
          <time>
            <startTime>2018-07-26T00:00:00+08:00</startTime>
            <endTime>2018-07-27T00:00:00+08:00</endTime>
            <elementValue>
              <value>40</value>
              <measures>攝氏度</measures>
            </elementValue>
          </time>
          <time>
            <startTime>2018-07-27T00:00:00+08:00</startTime>
            <endTime>2018-07-28T00:00:00+08:00</endTime>
            <elementValue>
              <value>40</value>
              <measures>攝氏度</measures>
            </elementValue>
          </time>
        </weatherElement>
        <weatherElement>
          <elementName>MinAT</elementName>
          <description>最低體感溫度</description>
          <time>
            <startTime>2018-07-21T12:00:00+08:00</startTime>
            <endTime>2018-07-22T00:00:00+08:00</endTime>
            <elementValue>
              <value>32</value>
              <measures>攝氏度</measures>
            </elementValue>
          </time>
          <time>
            <startTime>2018-07-22T00:00:00+08:00</startTime>
            <endTime>2018-07-23T00:00:00+08:00</endTime>
            <elementValue>
              <value>30</value>
              <measures>攝氏度</measures>
            </elementValue>
          </time>
          <time>
            <startTime>2018-07-23T00:00:00+08:00</startTime>
            <endTime>2018-07-24T00:00:00+08:00</endTime>
            <elementValue>
              <value>29</value>
              <measures>攝氏度</measures>
            </elementValue>
          </time>
          <time>
            <startTime>2018-07-24T00:00:00+08:00</startTime>
            <endTime>2018-07-25T00:00:00+08:00</endTime>
            <elementValue>
              <value>30</value>
              <measures>攝氏度</measures>
            </elementValue>
          </time>
          <time>
            <startTime>2018-07-25T00:00:00+08:00</startTime>
            <endTime>2018-07-26T00:00:00+08:00</endTime>
            <elementValue>
              <value>30</value>
              <measures>攝氏度</measures>
            </elementValue>
          </time>
          <time>
            <startTime>2018-07-26T00:00:00+08:00</startTime>
            <endTime>2018-07-27T00:00:00+08:00</endTime>
            <elementValue>
              <value>29</value>
              <measures>攝氏度</measures>
            </elementValue>
          </time>
          <time>
            <startTime>2018-07-27T00:00:00+08:00</startTime>
            <endTime>2018-07-28T00:00:00+08:00</endTime>
            <elementValue>
              <value>30</value>
              <measures>攝氏度</measures>
            </elementValue>
          </time>
        </weatherElement>
        <weatherElement>
          <elementName>MaxCI</elementName>
          <description>最大舒適度指數</description>
          <time>
            <startTime>2018-07-21T12:00:00+08:00</startTime>
            <endTime>2018-07-22T00:00:00+08:00</endTime>
            <elementValue>
              <value>30</value>
              <measures>NA</measures>
            </elementValue>
          </time>
          <time>
            <startTime>2018-07-22T00:00:00+08:00</startTime>
            <endTime>2018-07-23T00:00:00+08:00</endTime>
            <elementValue>
              <value>32</value>
              <measures>NA</measures>
            </elementValue>
          </time>
          <time>
            <startTime>2018-07-23T00:00:00+08:00</startTime>
            <endTime>2018-07-24T00:00:00+08:00</endTime>
            <elementValue>
              <value>33</value>
              <measures>NA</measures>
            </elementValue>
          </time>
          <time>
            <startTime>2018-07-24T00:00:00+08:00</startTime>
            <endTime>2018-07-25T00:00:00+08:00</endTime>
            <elementValue>
              <value>32</value>
              <measures>NA</measures>
            </elementValue>
          </time>
          <time>
            <startTime>2018-07-25T00:00:00+08:00</startTime>
            <endTime>2018-07-26T00:00:00+08:00</endTime>
            <elementValue>
              <value>32</value>
              <measures>NA</measures>
            </elementValue>
          </time>
          <time>
            <startTime>2018-07-26T00:00:00+08:00</startTime>
            <endTime>2018-07-27T00:00:00+08:00</endTime>
            <elementValue>
              <value>32</value>
              <measures>NA</measures>
            </elementValue>
          </time>
          <time>
            <startTime>2018-07-27T00:00:00+08:00</startTime>
            <endTime>2018-07-28T00:00:00+08:00</endTime>
            <elementValue>
              <value>32</value>
              <measures>NA</measures>
            </elementValue>
          </time>
        </weatherElement>
        <weatherElement>
          <elementName>MinCI</elementName>
          <description>最小舒適度指數</description>
          <time>
            <startTime>2018-07-21T12:00:00+08:00</startTime>
            <endTime>2018-07-22T00:00:00+08:00</endTime>
            <elementValue>
              <value>27</value>
              <measures>NA</measures>
            </elementValue>
          </time>
          <time>
            <startTime>2018-07-22T00:00:00+08:00</startTime>
            <endTime>2018-07-23T00:00:00+08:00</endTime>
            <elementValue>
              <value>25</value>
              <measures>NA</measures>
            </elementValue>
          </time>
          <time>
            <startTime>2018-07-23T00:00:00+08:00</startTime>
            <endTime>2018-07-24T00:00:00+08:00</endTime>
            <elementValue>
              <value>25</value>
              <measures>NA</measures>
            </elementValue>
          </time>
          <time>
            <startTime>2018-07-24T00:00:00+08:00</startTime>
            <endTime>2018-07-25T00:00:00+08:00</endTime>
            <elementValue>
              <value>25</value>
              <measures>NA</measures>
            </elementValue>
          </time>
          <time>
            <startTime>2018-07-25T00:00:00+08:00</startTime>
            <endTime>2018-07-26T00:00:00+08:00</endTime>
            <elementValue>
              <value>25</value>
              <measures>NA</measures>
            </elementValue>
          </time>
          <time>
            <startTime>2018-07-26T00:00:00+08:00</startTime>
            <endTime>2018-07-27T00:00:00+08:00</endTime>
            <elementValue>
              <value>25</value>
              <measures>NA</measures>
            </elementValue>
          </time>
          <time>
            <startTime>2018-07-27T00:00:00+08:00</startTime>
            <endTime>2018-07-28T00:00:00+08:00</endTime>
            <elementValue>
              <value>25</value>
              <measures>NA</measures>
            </elementValue>
          </time>
        </weatherElement>
        <weatherElement>
          <elementName>PoP24h</elementName>
          <description>24小時降雨機率</description>
          <time>
            <startTime>2018-07-21T12:00:00+08:00</startTime>
            <endTime>2018-07-22T00:00:00+08:00</endTime>
            <elementValue>
              <value>30</value>
              <measures>百分比</measures>
            </elementValue>
          </time>
          <time>
            <startTime>2018-07-22T00:00:00+08:00</startTime>
            <endTime>2018-07-23T00:00:00+08:00</endTime>
            <elementValue>
              <value>30</value>
              <measures>百分比</measures>
            </elementValue>
          </time>
          <time>
            <startTime>2018-07-23T00:00:00+08:00</startTime>
            <endTime>2018-07-24T00:00:00+08:00</endTime>
            <elementValue>
              <value>20</value>
              <measures>百分比</measures>
            </elementValue>
          </time>
          <time>
            <startTime>2018-07-24T00:00:00+08:00</startTime>
            <endTime>2018-07-25T00:00:00+08:00</endTime>
            <elementValue>
              <value>40</value>
              <measures>百分比</measures>
            </elementValue>
          </time>
          <time>
            <startTime>2018-07-25T00:00:00+08:00</startTime>
            <endTime>2018-07-26T00:00:00+08:00</endTime>
            <elementValue>
              <value>20</value>
              <measures>百分比</measures>
            </elementValue>
          </time>
          <time>
            <startTime>2018-07-26T00:00:00+08:00</startTime>
            <endTime>2018-07-27T00:00:00+08:00</endTime>
            <elementValue>
              <value> </value>
              <measures>百分比</measures>
            </elementValue>
          </time>
          <time>
            <startTime>2018-07-27T00:00:00+08:00</startTime>
            <endTime>2018-07-28T00:00:00+08:00</endTime>
            <elementValue>
              <value> </value>
              <measures>百分比</measures>
            </elementValue>
          </time>
        </weatherElement>
        <weatherElement>
          <elementName>WD</elementName>
          <description>風向</description>
          <time>
            <startTime>2018-07-21T12:00:00+08:00</startTime>
            <endTime>2018-07-22T00:00:00+08:00</endTime>
            <elementValue>
              <value>偏北風</value>
              <measures>16方位</measures>
            </elementValue>
          </time>
          <time>
            <startTime>2018-07-22T00:00:00+08:00</startTime>
            <endTime>2018-07-23T00:00:00+08:00</endTime>
            <elementValue>
              <value>偏南風</value>
              <measures>16方位</measures>
            </elementValue>
          </time>
          <time>
            <startTime>2018-07-23T00:00:00+08:00</startTime>
            <endTime>2018-07-24T00:00:00+08:00</endTime>
            <elementValue>
              <value>偏南風</value>
              <measures>16方位</measures>
            </elementValue>
          </time>
          <time>
            <startTime>2018-07-24T00:00:00+08:00</startTime>
            <endTime>2018-07-25T00:00:00+08:00</endTime>
            <elementValue>
              <value>偏南風</value>
              <measures>16方位</measures>
            </elementValue>
          </time>
          <time>
            <startTime>2018-07-25T00:00:00+08:00</startTime>
            <endTime>2018-07-26T00:00:00+08:00</endTime>
            <elementValue>
              <value>東南風</value>
              <measures>16方位</measures>
            </elementValue>
          </time>
          <time>
            <startTime>2018-07-26T00:00:00+08:00</startTime>
            <endTime>2018-07-27T00:00:00+08:00</endTime>
            <elementValue>
              <value>偏北風</value>
              <measures>16方位</measures>
            </elementValue>
          </time>
          <time>
            <startTime>2018-07-27T00:00:00+08:00</startTime>
            <endTime>2018-07-28T00:00:00+08:00</endTime>
            <elementValue>
              <value>西北風</value>
              <measures>16方位</measures>
            </elementValue>
          </time>
        </weatherElement>
        <weatherElement>
          <elementName>WS</elementName>
          <description>最大風速</description>
          <time>
            <startTime>2018-07-21T12:00:00+08:00</startTime>
            <endTime>2018-07-22T00:00:00+08:00</endTime>
            <elementValue>
              <value>3</value>
              <measures>公尺/秒</measures>
            </elementValue>
            <elementValue>
              <value>2</value>
              <measures>蒲福風級</measures>
            </elementValue>
          </time>
          <time>
            <startTime>2018-07-22T00:00:00+08:00</startTime>
            <endTime>2018-07-23T00:00:00+08:00</endTime>
            <elementValue>
              <value>2</value>
              <measures>公尺/秒</measures>
            </elementValue>
            <elementValue>
              <value>2</value>
              <measures>蒲福風級</measures>
            </elementValue>
          </time>
          <time>
            <startTime>2018-07-23T00:00:00+08:00</startTime>
            <endTime>2018-07-24T00:00:00+08:00</endTime>
            <elementValue>
              <value>3</value>
              <measures>公尺/秒</measures>
            </elementValue>
            <elementValue>
              <value>2</value>
              <measures>蒲福風級</measures>
            </elementValue>
          </time>
          <time>
            <startTime>2018-07-24T00:00:00+08:00</startTime>
            <endTime>2018-07-25T00:00:00+08:00</endTime>
            <elementValue>
              <value>3</value>
              <measures>公尺/秒</measures>
            </elementValue>
            <elementValue>
              <value>2</value>
              <measures>蒲福風級</measures>
            </elementValue>
          </time>
          <time>
            <startTime>2018-07-25T00:00:00+08:00</startTime>
            <endTime>2018-07-26T00:00:00+08:00</endTime>
            <elementValue>
              <value>3</value>
              <measures>公尺/秒</measures>
            </elementValue>
            <elementValue>
              <value>2</value>
              <measures>蒲福風級</measures>
            </elementValue>
          </time>
          <time>
            <startTime>2018-07-26T00:00:00+08:00</startTime>
            <endTime>2018-07-27T00:00:00+08:00</endTime>
            <elementValue>
              <value>3</value>
              <measures>公尺/秒</measures>
            </elementValue>
            <elementValue>
              <value>2</value>
              <measures>蒲福風級</measures>
            </elementValue>
          </time>
          <time>
            <startTime>2018-07-27T00:00:00+08:00</startTime>
            <endTime>2018-07-28T00:00:00+08:00</endTime>
            <elementValue>
              <value>2</value>
              <measures>公尺/秒</measures>
            </elementValue>
            <elementValue>
              <value>2</value>
              <measures>蒲福風級</measures>
            </elementValue>
          </time>
        </weatherElement>
        <weatherElement>
          <elementName>Wx</elementName>
          <description>天氣現象</description>
          <time>
            <startTime>2018-07-21T12:00:00+08:00</startTime>
            <endTime>2018-07-22T00:00:00+08:00</endTime>
            <elementValue>
              <value>多雲時陰短暫陣雨或雷雨</value>
              <measures>自定義 Wx 文字</measures>
            </elementValue>
            <elementValue>
              <value>17</value>
              <measures>自定義 Wx 單位</measures>
            </elementValue>
          </time>
          <time>
            <startTime>2018-07-22T00:00:00+08:00</startTime>
            <endTime>2018-07-23T00:00:00+08:00</endTime>
            <elementValue>
              <value>多雲時陰短暫陣雨或雷雨</value>
              <measures>自定義 Wx 文字</measures>
            </elementValue>
            <elementValue>
              <value>17</value>
              <measures>自定義 Wx 單位</measures>
            </elementValue>
          </time>
          <time>
            <startTime>2018-07-23T00:00:00+08:00</startTime>
            <endTime>2018-07-24T00:00:00+08:00</endTime>
            <elementValue>
              <value>陰天</value>
              <measures>自定義 Wx 文字</measures>
            </elementValue>
            <elementValue>
              <value>03</value>
              <measures>自定義 Wx 單位</measures>
            </elementValue>
          </time>
          <time>
            <startTime>2018-07-24T00:00:00+08:00</startTime>
            <endTime>2018-07-25T00:00:00+08:00</endTime>
            <elementValue>
              <value>陰短暫陣雨或雷雨</value>
              <measures>自定義 Wx 文字</measures>
            </elementValue>
            <elementValue>
              <value>36</value>
              <measures>自定義 Wx 單位</measures>
            </elementValue>
          </time>
          <time>
            <startTime>2018-07-25T00:00:00+08:00</startTime>
            <endTime>2018-07-26T00:00:00+08:00</endTime>
            <elementValue>
              <value>多雲短暫陣雨或雷雨</value>
              <measures>自定義 Wx 文字</measures>
            </elementValue>
            <elementValue>
              <value>17</value>
              <measures>自定義 Wx 單位</measures>
            </elementValue>
          </time>
          <time>
            <startTime>2018-07-26T00:00:00+08:00</startTime>
            <endTime>2018-07-27T00:00:00+08:00</endTime>
            <elementValue>
              <value>多雲短暫陣雨或雷雨</value>
              <measures>自定義 Wx 文字</measures>
            </elementValue>
            <elementValue>
              <value>17</value>
              <measures>自定義 Wx 單位</measures>
            </elementValue>
          </time>
          <time>
            <startTime>2018-07-27T00:00:00+08:00</startTime>
            <endTime>2018-07-28T00:00:00+08:00</endTime>
            <elementValue>
              <value>多雲短暫陣雨或雷雨</value>
              <measures>自定義 Wx 文字</measures>
            </elementValue>
            <elementValue>
              <value>17</value>
              <measures>自定義 Wx 單位</measures>
            </elementValue>
          </time>
        </weatherElement>
        <weatherElement>
          <elementName>UVI</elementName>
          <description>紫外獻指數</description>
          <time>
            <startTime>2018-07-21T06:00:00+08:00</startTime>
            <endTime>2018-07-21T18:00:00+08:00</endTime>
            <elementValue>
              <value>8</value>
              <measures>紫外線指數</measures>
            </elementValue>
            <elementValue>
              <value>過量級</value>
              <measures>曝曬級數</measures>
            </elementValue>
          </time>
          <time>
            <startTime>2018-07-22T06:00:00+08:00</startTime>
            <endTime>2018-07-22T18:00:00+08:00</endTime>
            <elementValue>
              <value>9</value>
              <measures>紫外線指數</measures>
            </elementValue>
            <elementValue>
              <value>過量級</value>
              <measures>曝曬級數</measures>
            </elementValue>
          </time>
          <time>
            <startTime>2018-07-23T06:00:00+08:00</startTime>
            <endTime>2018-07-23T18:00:00+08:00</endTime>
            <elementValue>
              <value>8</value>
              <measures>紫外線指數</measures>
            </elementValue>
            <elementValue>
              <value>過量級</value>
              <measures>曝曬級數</measures>
            </elementValue>
          </time>
          <time>
            <startTime>2018-07-24T06:00:00+08:00</startTime>
            <endTime>2018-07-24T18:00:00+08:00</endTime>
            <elementValue>
              <value>8</value>
              <measures>紫外線指數</measures>
            </elementValue>
            <elementValue>
              <value>高量級</value>
              <measures>曝曬級數</measures>
            </elementValue>
          </time>
          <time>
            <startTime>2018-07-25T06:00:00+08:00</startTime>
            <endTime>2018-07-25T18:00:00+08:00</endTime>
            <elementValue>
              <value>9</value>
              <measures>紫外線指數</measures>
            </elementValue>
            <elementValue>
              <value>過量級</value>
              <measures>曝曬級數</measures>
            </elementValue>
          </time>
          <time>
            <startTime>2018-07-26T06:00:00+08:00</startTime>
            <endTime>2018-07-26T18:00:00+08:00</endTime>
            <elementValue>
              <value>9</value>
              <measures>紫外線指數</measures>
            </elementValue>
            <elementValue>
              <value>過量級</value>
              <measures>曝曬級數</measures>
            </elementValue>
          </time>
          <time>
            <startTime>2018-07-27T06:00:00+08:00</startTime>
            <endTime>2018-07-27T18:00:00+08:00</endTime>
            <elementValue>
              <value>9</value>
              <measures>紫外線指數</measures>
            </elementValue>
            <elementValue>
              <value>過量級</value>
              <measures>曝曬級數</measures>
            </elementValue>
          </time>
          <time>
            <startTime>2018-07-28T06:00:00+08:00</startTime>
            <endTime>2018-07-28T18:00:00+08:00</endTime>
            <elementValue>
              <value>9</value>
              <measures>紫外線指數</measures>
            </elementValue>
            <elementValue>
              <value>過量級</value>
              <measures>曝曬級數</measures>
            </elementValue>
          </time>
        </weatherElement>
        <weatherElement>
          <elementName>WeatherDescription</elementName>
          <description>天氣預報綜合描述</description>
          <time>
            <startTime>2018-07-21T12:00:00+08:00</startTime>
            <endTime>2018-07-22T00:00:00+08:00</endTime>
            <elementValue>
              <value>多雲時陰短暫陣雨或雷雨。降雨機率 30%。溫度攝氏27至33度。悶熱。偏北風 風速2級(每秒3公尺)。相對濕度82%。</value>
              <measures>NA</measures>
            </elementValue>
          </time>
          <time>
            <startTime>2018-07-22T00:00:00+08:00</startTime>
            <endTime>2018-07-23T00:00:00+08:00</endTime>
            <elementValue>
              <value>多雲時陰短暫陣雨或雷雨。降雨機率 30%。溫度攝氏26至34度。舒適至易中暑。偏南風 風速2級(每秒2公尺)。相對濕度85%。</value>
              <measures>NA</measures>
            </elementValue>
          </time>
          <time>
            <startTime>2018-07-23T00:00:00+08:00</startTime>
            <endTime>2018-07-24T00:00:00+08:00</endTime>
            <elementValue>
              <value>陰天。降雨機率 20%。溫度攝氏26至34度。舒適至易中暑。偏南風 風速2級(每秒3公尺)。相對濕度86%。</value>
              <measures>NA</measures>
            </elementValue>
          </time>
          <time>
            <startTime>2018-07-24T00:00:00+08:00</startTime>
            <endTime>2018-07-25T00:00:00+08:00</endTime>
            <elementValue>
              <value>陰短暫陣雨或雷雨。降雨機率 40%。溫度攝氏26至34度。舒適至易中暑。偏南風 風速2級(每秒3公尺)。相對濕度84%。</value>
              <measures>NA</measures>
            </elementValue>
          </time>
          <time>
            <startTime>2018-07-25T00:00:00+08:00</startTime>
            <endTime>2018-07-26T00:00:00+08:00</endTime>
            <elementValue>
              <value>多雲短暫陣雨或雷雨。降雨機率 20%。溫度攝氏26至34度。舒適至易中暑。東南風 風速2級(每秒3公尺)。相對濕度90%。</value>
              <measures>NA</measures>
            </elementValue>
          </time>
          <time>
            <startTime>2018-07-26T00:00:00+08:00</startTime>
            <endTime>2018-07-27T00:00:00+08:00</endTime>
            <elementValue>
              <value>多雲短暫陣雨或雷雨。溫度攝氏26至34度。舒適至易中暑。偏北風 風速2級(每秒3公尺)。相對濕度88%。</value>
              <measures>NA</measures>
            </elementValue>
          </time>
          <time>
            <startTime>2018-07-27T00:00:00+08:00</startTime>
            <endTime>2018-07-28T00:00:00+08:00</endTime>
            <elementValue>
              <value>多雲短暫陣雨或雷雨。溫度攝氏26至34度。舒適至易中暑。西北風 風速2級(每秒2公尺)。相對濕度88%。</value>
              <measures>NA</measures>
            </elementValue>
          </time>
        </weatherElement>
      </location>
    </locations>
  </dataset>
</cwbopendata>
